Workbook

Sheet Data
A1: Game | B1: Board | C1: Date | D1: Players | E1: Jeffrey | F1: Robert | G1: Bobby | H1: Stephen | I1: Cory | J1: Chelsea | K1: Robin | L1: Marcus | M1: Spencer | N1: Syvaunti | O1: Rob Elrod | P1: Cayla | Q1: Ethan | R1: Ruth | S1: Katie Zackarias | T1: John Zackarias | U1: Danielle | V1: Abby | W1: Georgia
A2: Carcassonne | C2: 43282 | D2: =COUNT(E2:Z2) -> 4 | E2: 2 | F2: 1 | G2: 3 | H2: 4
A3: Carcassonne | C3: 43285 | D3: =COUNT(E3:Z3) -> 4 | E3: 1 | F3: 2 | H3: 3 | I3: 4
A4: Carcassonne | C4: 43288 | D4: =COUNT(E4:Z4) -> 4 | E4: 2 | F4: 3 | K4: 1 | L4: 4
A5: Carcassonne | C5: 43296 | D5: =COUNT(E5:Z5) -> 3 | E5: 3 | F5: 1 | H5: 2
A6: Carcassonne | C6: 43317 | D6: =COUNT(E6:Z6) -> 4 | E6: 3 | F6: 4 | G6: 1 | H6: 2
A7: Carcassonne | C7: Unknown | D7: =COUNT(E7:Z7) -> 5 | E7: 5 | F7: 4 | G7: 2 | H7: 1 | M7: 3
A8: Carcassonne | C8: 43421 | D8: =COUNT(E8:Z8) -> 3 | E8: 2 | F8: 1 | H8: 3
A9: Carcassonne | C9: Unknown | D9: =COUNT(E9:Z9) -> 3 | E9: 2 | F9: 3 | H9: 1
A10: Carcassonne | C10: Unknown | D10: =COUNT(E10:Z10) -> 3 | E10: 2 | F10: 1 | I10: 3
A11: Carcassonne | C11: Unknown | D11: =COUNT(E11:Z11) -> 3 | E11: 2 | F11: 1 | G11: 3
A12: Carcassonne | C12: 43646 | D12: =COUNT(E12:Z12) -> 3 | E12: 3 | F12: 1 | H12: 2
A13: Dominion | C13: 43645 | D13: =COUNT(E13:Z13) -> 4 | E13: 2 | F13: 1 | H13: 4 | I13: 3
A14: King of New York | C14: Unknown | D14: =COUNT(E14:Z14) -> 3 | E14: 3 | F14: 1 | H14: 2
A15: King of New York | C15: Unknown | D15: =COUNT(E15:Z15) -> 3 | E15: 3 | F15: 1 | H15: 2
A16: King of New York | C16: Unknown | D16: =COUNT(E16:Z16) -> 3 | E16: 2 | F16: 1 | H16: 3
A17: King of New York | C17: Unknown | D17: =COUNT(E17:Z17) -> 3 | E17: 2 | F17: 1 | H17: 3
A18: King of New York | C18: Unknown | D18: =COUNT(E18:Z18) -> 3 | E18: 2 | F18: 1 | H18: 3
A19: King of New York | C19: Unknown | D19: =COUNT(E19:Z19) -> 3 | E19: 2 | F19: 1 | H19: 3
A20: King of New York | C20: Unknown | D20: =COUNT(E20:Z20) -> 3 | E20: 1 | F20: 2 | H20: 3
A21: King of New York | C21: Unknown | D21: =COUNT(E21:Z21) -> 3 | E21: 2 | F21: 3 | H21: 1
A22: King of New York | C22: Unknown | D22: =COUNT(E22:Z22) -> 3 | E22: 3 | F22: 1 | H22: 2
A23: King of New York | C23: Unknown | D23: =COUNT(E23:Z23) -> 3 | E23: 2 | F23: 1 | H23: 3
A24: King of New York | C24: Unknown | D24: =COUNT(E24:Z24) -> 3 | E24: 2 | F24: 3 | H24: 1
A25: King of New York | C25: Unknown | D25: =COUNT(E25:Z25) -> 3 | E25: 1 | F25: 2 | H25: 3
... A46: King of New York | C46: Unknown | D46: =COUNT(E46:Z46) -> 3 | E46: 1 | F46: 3 | H46: 2
A47: King of New York | C47: Unknown | D47: =COUNT(E47:Z47) -> 4 | E47: 3 | F47: 1 | H47: 4 | I47: 2
A48: King of New York | C48: 43576 | D48: =COUNT(E48:Z48) -> 4 | E48: 4 | F48: 2 | H48: 3 | I48: 1
A49: King of Tokyo | C49: Unknown | D49: =COUNT(E49:Z49) -> 3 | E49: 3 | F49: 2 | H49: 1
A50: King of Tokyo | C50: Unknown | D50: =COUNT(E50:Z50) -> 3 | E50: 3 | F50: 1 | H50: 2
A51: Monopoly | C51: 42763 | D51: =COUNT(E51:Z51) -> 4 | E51: 3 | F51: 4 | G51: 1 | J51: 2
A52: Monopoly | C52: 42763 | D52: =COUNT(E52:Z52) -> 4 | E52: 1 | F52: 2 | G52: 4 | J52: 3
A53: Monopoly | C53: 42764 | D53: =COUNT(E53:Z53) -> 4 | E53: 2 | F53: 3 | G53: 1 | J53: 4
A54: Monopoly | C54: 42862 | D54: =COUNT(E54:Z54) -> 4 | E54: 3 | F54: 4 | G54: 2 | J54: 1
A55: Monopoly | C55: 43002 | D55: =COUNT(E55:Z55) -> 3 | E55: 2 | F55: 3 | G55: 1
A56: Monopoly | C56: 43005 | D56: =COUNT(E56:Z56) -> 3 | E56: 3 | F56: 1 | G56: 2
A57: Monopoly | C57: 43018 | D57: =COUNT(E57:Z57) -> 3 | E57: 1 | F57: 3 | G57: 2
A58: Monopoly | C58: 43034 | D58: =COUNT(E58:Z58) -> 3 | E58: 1 | F58: 3 | G58: 2
A59: Monopoly | C59: 43037 | D59: =COUNT(E59:Z59) -> 3 | E59: 2 | F59: 3 | G59: 1
A60: Monopoly | C60: 43041 | D60: =COUNT(E60:Z60) -> 3 | E60: 2 | F60: 3 | G60: 1
A61: Monopoly | C61: 43044 | D61: =COUNT(E61:Z61) -> 3 | E61: 1 | F61: 3 | G61: 2
A62: Monopoly | C62: 43046 | D62: =COUNT(E62:Z62) -> 3 | E62: 4 | F62: 2 | G62: 3
A63: Monopoly | C63: 43055 | D63: =COUNT(E63:Z63) -> 3 | E63: 4 | F63: 3 | G63: 1
A64: Monopoly | C64: 43057 | D64: =COUNT(E64:Z64) -> 3 | E64: 3 | F64: 1 | G64: 4
A65: Monopoly | C65: 43065 | D65: =COUNT(E65:Z65) -> 3 | E65: 4 | F65: 2 | G65: 1
A66: Monopoly | C66: 43069 | D66: =COUNT(E66:Z66) -> 3 | E66: 3 | F66: 1 | G66: 2
... A85: Monopoly | C85: 43310 | D85: =COUNT(E85:Z85) -> 3 | E85: 2 | F85: 3 | G85: 1
A86: Monopoly | C86: 43330 | D86: =COUNT(E86:Z86) -> 3 | E86: 3 | F86: 1 | H86: 2
A87: Monopoly | C87: 43352 | D87: =COUNT(E87:Z87) -> 4 | E87: 4 | F87: 1 | G87: 3 | H87: 2
A88: Monopoly | C88: 43427 | D88: =COUNT(E88:Z88) -> 3 | E88: 3 | F88: 1 | G88: 2
A89: Monopoly | C89: 43458 | D89: =COUNT(E89:Z89) -> 3 | E89: 1 | F89: 3 | G89: 2
A90: Monopoly | C90: 43506 | D90: =COUNT(E90:Z90) -> 3 | E90: 1 | F90: 2 | G90: 3
A91: Monopoly | C91: 43538 | D91: =COUNT(E91:Z91) -> 3 | E91: 1 | F91: 2 | G91: 3
A92: Monopoly | C92: 43548 | D92: =COUNT(E92:Z92) -> 3 | E92: 1 | F92: 3 | G92: 2
A93: Monopoly | C93: 43625 | D93: =COUNT(E93:Z93) -> 3 | E93: 3 | F93: 2 | G93: 1
A94: Monopoly | C94: 43632 | D94: =COUNT(E94:Z94) -> 3 | E94: 1 | F94: 2 | G94: 3
A95: Monopoly | C95: 43646 | D95: =COUNT(E95:Z95) -> 3 | E95: 2 | F95: 3 | G95: 1
A96: Monopoly | C96: 43650 | D96: =COUNT(E96:Z96) -> 3 | E96: 3 | F96: 2 | G96: 1
A97: Monopoly | C97: 43651 | D97: =COUNT(E97:Z97) -> 3 | E97: 3 | F97: 1 | G97: 2
A98: Monopoly | C98: 43660 | D98: =COUNT(E98:Z98) -> 3 | E98: 1 | F98: 3 | G98: 2
A99: Monopoly | C99: 43667 | D99: =COUNT(E99:Z99) -> 3 | E99: 3 | F99: 2 | G99: 1
... A101: Monopoly | C101: 43688 | D101: =COUNT(E101:Z101) -> 3 | E101: 2 | F101: 3 | G101: 1
A102: Monopoly | C102: 42532 | D102: =COUNT(E102:Z102) -> 4 | E102: 2 | F102: 1 | G102: 4 | J102: 3
A103: Monopoly | C103: 42532 | D103: =COUNT(E103:Z103) -> 4 | E103: 3 | F103: 2 | G103: 1 | J103: 4
A104: Monopoly | C104: 42533 | D104: =COUNT(E104:Z104) -> 4 | E104: 3 | F104: 1 | G104: 2 | J104: 4
A105: Monopoly | C105: 42535 | D105: =COUNT(E105:Z105) -> 4 | E105: 4 | F105: 3 | G105: 2 | J105: 1
A106: Monopoly | C106: 42547 | D106: =COUNT(E106:Z106) -> 4 | E106: 1 | F106: 2 | G106: 4 | J106: 3
A107: Monopoly | C107: 42554 | D107: =COUNT(E107:Z107) -> 4 | E107: 3 | F107: 2 | G107: 1 | J107: 4
A108: Monopoly | C108: 42555 | D108: =COUNT(E108:Z108) -> 4 | E108: 1 | F108: 3 | G108: 4 | J108: 2
A109: Monopoly | C109: 42560 | D109: =COUNT(E109:Z109) -> 4 | E109: 4 | F109: 3 | G109: 1 | J109: 2
A110: Monopoly | C110: 42561 | D110: =COUNT(E110:Z110) -> 4 | E110: 3 | F110: 1 | G110: 4 | J110: 2
A111: Monopoly | C111: 42578 | D111: =COUNT(E111:Z111) -> 4 | E111: 2 | F111: 1 | G111: 4 | J111: 3
A112: Monopoly | C112: 42578 | D112: =COUNT(E112:Z112) -> 4 | E112: 1 | F112: 3 | G112: 2 | J112: 4
A113: Monopoly | C113: 42589 | D113: =COUNT(E113:Z113) -> 4 | E113: 2 | F113: 3 | G113: 4 | J113: 1
... A115: Monopoly | C115: 42693 | D115: =COUNT(E115:Z115) -> 4 | E115: 3 | F115: 2 | G115: 1 | J115: 4
A116: Monopoly | C116: 42728 | D116: 5 | E116: 2 | F116: 5 | G116: 3 | J116: 4
A117: Monopoly | C117: Unknown - Season 01 | D117: =COUNT(E117:Z117) -> 4 | E117: 3 | F117: 4 | G117: 1 | J117: 2
A118: Monopoly | C118: Unknown - Season 01 | D118: =COUNT(E118:Z118) -> 4 | E118: 3 | F118: 1 | G118: 4 | J118: 2
A119: Monopoly | C119: Unknown - Season 01 | D119: =COUNT(E119:Z119) -> 4 | E119: 3 | F119: 2 | G119: 1 | J119: 5
A120: Sheriff of Nottingham | C120: 43282 | D120: =COUNT(E120:Z120) -> 4 | E120: 4 | F120: 2 | G120: 1 | H120: 3
A121: Sheriff of Nottingham | C121: 43282 | D121: =COUNT(E121:Z121) -> 4 | E121: 2 | F121: 4 | G121: 3 | H121: 1
A122: Sheriff of Nottingham | C122: 43313 | D122: =COUNT(E122:Z122) -> 4 | E122: 2 | F122: 1 | G122: 3 | H122: 4
A123: Sheriff of Nottingham | C123: 43319 | D123: =COUNT(E123:Z123) -> 4 | E123: 1 | F123: 2 | G123: 3 | H123: 4
A124: Sheriff of Nottingham | C124: 43331 | D124: =COUNT(E124:Z124) -> 3 | E124: 1 | H124: 2 | N124: 3
A125: Sheriff of Nottingham | C125: 43597 | D125: =COUNT(E125:Z125) -> 3 | E125: 2 | F125: 1 | K125: 3
A126: Snapshouts | C126: Unknown | D126: =COUNT(E126:Z126) -> 4 | E126: 2 | F126: 1 | G126: 4 | H126: 2
A127: Terraforming Mars | C127: 43576 | D127: =COUNT(E127:Z127) -> 3 | E127: 1 | F127: 2 | H127: 3
A128: Terraforming Mars | C128: Unknown | D128: =COUNT(E128:Z128) -> 3 | E128: 3 | F128: 2 | H128: 1
A129: Terraforming Mars | C129: Unknown | D129: =COUNT(E129:Z129) -> 3 | E129: 1 | F129: 2 | H129: 3
A130: Terraforming Mars | C130: Unknown | D130: =COUNT(E130:Z130) -> 3 | E130: 2 | F130: 1 | H130: 3
A131: Terraforming Mars | C131: Unknown | D131: =COUNT(E131:Z131) -> 4 | E131: 2 | F131: 1 | H131: 3 | I131: 4
A132: Terraforming Mars | C132: Unknown | D132: =COUNT(E132:Z132) -> 4 | E132: 3 | F132: 1 | H132: 4 | I132: 2
A133: Terraforming Mars | C133: Unknown | D133: =COUNT(E133:Z133) -> 3 | E133: 3 | F133: 1 | H133: 2
A134: Terraforming Mars | C134: 43637 | D134: =COUNT(E134:Z134) -> 3 | E134: 2 | F134: 1 | H134: 3
A135: Terraforming Mars | C135: 43639 | D135: =COUNT(E135:Z135) -> 3 | E135: 1 | F135: 3 | H135: 2
A136: Terraforming Mars | C136: 43639 | D136: =COUNT(E136:Z136) -> 3 | E136: 1 | F136: 2 | H136: 2
A137: Terraforming Mars | C137: 43644 | D137: =COUNT(E137:Z137) -> 3 | E137: 3 | F137: 1 | H137: 2
A138: Terraforming Mars | C138: 43646 | D138: =COUNT(E138:Z138) -> 4 | E138: 1 | F138: 3 | H138: 4 | I138: 2
A139: Ticket To Ride | C139: 43296 | D139: =COUNT(E139:Z139) -> 3 | E139: 1 | F139: 3 | H139: 2
A140: Ticket To Ride | C140: Unknown | D140: =COUNT(E140:Z140) -> 4 | E140: 1 | F140: 2 | G140: 2 | H140: 4
...

Sheet Backgammon
A1: Date | B1: Winner | C1: Loser | D1: Skunk
A2: 44381 | B2: Robert | C2: Jeffrey | D2: 1
A3: 44381 | B3: Robert | C3: Jeffrey
A4: 44381 | B4: Robert | C4: Jeffrey
A5: 44381 | B5: Jeffrey | C5: Robert
A6: 44381 | B6: Jeffrey | C6: Robert
A7: 44395 | B7: Robert | C7: Jeffrey
A8: 44395 | B8: Jeffrey | C8: Robert
A9: 44395 | B9: Robert | C9: Jeffrey
A10: 44407 | B10: Robert | C10: Jeffrey | D10: 1
A11: 44407 | B11: Jeffrey | C11: Robert
A12: 44407 | B12: Robert | C12: Jeffrey
A13: 44408 | B13: Jeffrey | C13: Robert
A14: 44408 | B14: Robert | C14: Jeffrey
A15: 44408 | B15: Jeffrey | C15: Robert
A16: 44409 | B16: Jeffrey | C16: Robert | D16: 1
A17: 44409 | B17: Jeffrey | C17: Robert
A18: 44445 | B18: Robert | C18: Jeffrey
A19: 44445 | B19: Robert | C19: Jeffrey
A20: 44472 | B20: Robert | C20: Jeffrey

Sheet Average Rank
A1: 5 | B1: Count | C1: =Data!E1 -> Jeffrey | D1: =Data!F1 -> Robert | E1: =Data!G1 -> Bobby | F1: =Data!H1 -> Stephen | G1: =Data!I1 -> Cory | H1: =Data!J1 -> Chelsea | I1: =Data!K1 -> Robin | J1: =Data!L1 -> Marcus | ... T1: =Data!V1 -> Abby
A2: Carcassonne | B2: =countif(Data!A:A,"="&A2) -> 24 | C2: =if(countifs(Data!$A:$A,"="&$A2,Data!E:E,">0")>=$A$1,AVERAGEIF(Data!$A:$A,"="&$A2,Data!E:E),"") -> 2.2083333 | D2: =if(countifs(Data!$A:$A,"="&$A2,Data!F:F,">0")>=$A$1,AVERAGEIF(Data!$A:$A,"="&$A2,Data!F:F),"") -> 2.1666667 | E2: =if(countifs(Data!$A:$A,"="&$A2,Data!G:G,">0")>=$A$1,AVERAGEIF(Data!$A:$A,"="&$A2,Data!G:G),"") -> 2.1428571 | F2: =if(countifs(Data!$A:$A,"="&$A2,Data!H:H,">0")>=$A$1,AVERAGEIF(Data!$A:$A,"="&$A2,Data!H:H),"") -> 2.2941176 | G2: =if(countifs(Data!$A:$A,"="&$A2,Data!I:I,">0")>=$A$1,AVERAGEIF(Data!$A:$A,"="&$A2,Data!I:I),"") | H2: =if(countifs(Data!$A:$A,"="&$A2,Data!J:J,">0")>=$A$1,AVERAGEIF(Data!$A:$A,"="&$A2,Data!J:J),"") | I2: =if(countifs(Data!$A:$A,"="&$A2,Data!K:K,">0")>=$A$1,AVERAGEIF(Data!$A:$A,"="&$A2,Data!K:K),"") | J2: =if(countifs(Data!$A:$A,"="&$A2,Data!L:L,">0")>=$A$1,AVERAGEIF(Data!$A:$A,"="&$A2,Data!L:L),"") | K2: =if(countifs(Data!$A:$A,"="&$A2,Data!M:M,">0")>=$A$1,AVERAGEIF(Data!$A:$A,"="&$A2,Data!M:M),"") | L2: =if(countifs(Data!$A:$A,"="&$A2,Data!N:N,">0")>=$A$1,AVERAGEIF(Data!$A:$A,"="&$A2,Data!N:N),"") | M2: =if(countifs(Data!$A:$A,"="&$A2,Data!O:O,">0")>=$A$1,AVERAGEIF(Data!$A:$A,"="&$A2,Data!O:O),"") | N2: =if(countifs(Data!$A:$A,"="&$A2,Data!P:P,">0")>=$A$1,AVERAGEIF(Data!$A:$A,"="&$A2,Data!P:P),"") | O2: =if(countifs(Data!$A:$A,"="&$A2,Data!Q:Q,">0")>=$A$1,AVERAGEIF(Data!$A:$A,"="&$A2,Data!Q:Q),"") | P2: =if(countifs(Data!$A:$A,"="&$A2,Data!R:R,">0")>=$A$1,AVERAGEIF(Data!$A:$A,"="&$A2,Data!R:R),"") | Q2: =if(countifs(Data!$A:$A,"="&$A2,Data!S:S,">0")>=$A$1,AVERAGEIF(Data!$A:$A,"="&$A2,Data!S:S),"") | R2: =if(countifs(Data!$A:$A,"="&$A2,Data!T:T,">0")>=$A$1,AVERAGEIF(Data!$A:$A,"="&$A2,Data!T:T),"") | S2: =if(countifs(Data!$A:$A,"="&$A2,Data!U:U,">0")>=$A$1,AVERAGEIF(Data!$A:$A,"="&$A2,Data!U:U),"") | T2: =if(countifs(Data!$A:$A,"="&$A2,Data!V:V,">0")>=$A$1,AVERAGEIF(Data!$A:$A,"="&$A2,Data!V:V),"")
A3: Dominion | B3: =countif(Data!A:A,"="&A3) -> 3 | C3: =if(countifs(Data!$A:$A,"="&$A3,Data!E:E,">0")>=$A$1,AVERAGEIF(Data!$A:$A,"="&$A3,Data!E:E),"") | D3: =if(countifs(Data!$A:$A,"="&$A3,Data!F:F,">0")>=$A$1,AVERAGEIF(Data!$A:$A,"="&$A3,Data!F:F),"") | E3: =if(countifs(Data!$A:$A,"="&$A3,Data!G:G,">0")>=$A$1,AVERAGEIF(Data!$A:$A,"="&$A3,Data!G:G),"") | F3: =if(countifs(Data!$A:$A,"="&$A3,Data!H:H,">0")>=$A$1,AVERAGEIF(Data!$A:$A,"="&$A3,Data!H:H),"") | G3: =if(countifs(Data!$A:$A,"="&$A3,Data!I:I,">0")>=$A$1,AVERAGEIF(Data!$A:$A,"="&$A3,Data!I:I),"") | H3: =if(countifs(Data!$A:$A,"="&$A3,Data!J:J,">0")>=$A$1,AVERAGEIF(Data!$A:$A,"="&$A3,Data!J:J),"") | I3: =if(countifs(Data!$A:$A,"="&$A3,Data!K:K,">0")>=$A$1,AVERAGEIF(Data!$A:$A,"="&$A3,Data!K:K),"") | J3: =if(countifs(Data!$A:$A,"="&$A3,Data!L:L,">0")>=$A$1,AVERAGEIF(Data!$A:$A,"="&$A3,Data!L:L),"") | K3: =if(countifs(Data!$A:$A,"="&$A3,Data!M:M,">0")>=$A$1,AVERAGEIF(Data!$A:$A,"="&$A3,Data!M:M),"") | L3: =if(countifs(Data!$A:$A,"="&$A3,Data!N:N,">0")>=$A$1,AVERAGEIF(Data!$A:$A,"="&$A3,Data!N:N),"") | M3: =if(countifs(Data!$A:$A,"="&$A3,Data!O:O,">0")>=$A$1,AVERAGEIF(Data!$A:$A,"="&$A3,Data!O:O),"") | N3: =if(countifs(Data!$A:$A,"="&$A3,Data!P:P,">0")>=$A$1,AVERAGEIF(Data!$A:$A,"="&$A3,Data!P:P),"") | O3: =if(countifs(Data!$A:$A,"="&$A3,Data!Q:Q,">0")>=$A$1,AVERAGEIF(Data!$A:$A,"="&$A3,Data!Q:Q),"") | P3: =if(countifs(Data!$A:$A,"="&$A3,Data!R:R,">0")>=$A$1,AVERAGEIF(Data!$A:$A,"="&$A3,Data!R:R),"") | Q3: =if(countifs(Data!$A:$A,"="&$A3,Data!S:S,">0")>=$A$1,AVERAGEIF(Data!$A:$A,"="&$A3,Data!S:S),"") | R3: =if(countifs(Data!$A:$A,"="&$A3,Data!T:T,">0")>=$A$1,AVERAGEIF(Data!$A:$A,"="&$A3,Data!T:T),"") | S3: =if(countifs(Data!$A:$A,"="&$A3,Data!U:U,">0")>=$A$1,AVERAGEIF(Data!$A:$A,"="&$A3,Data!U:U),"") | T3: =if(countifs(Data!$A:$A,"="&$A3,Data!V:V,">0")>=$A$1,AVERAGEIF(Data!$A:$A,"="&$A3,Data!V:V),"")
A4: King of New York | B4: =countif(Data!A:A,"="&A4) -> 57 | C4: =if(countifs(Data!$A:$A,"="&$A4,Data!E:E,">0")>=$A$1,AVERAGEIF(Data!$A:$A,"="&$A4,Data!E:E),"") -> 2.1052632 | D4: =if(countifs(Data!$A:$A,"="&$A4,Data!F:F,">0")>=$A$1,AVERAGEIF(Data!$A:$A,"="&$A4,Data!F:F),"") -> 1.9464286 | E4: =if(countifs(Data!$A:$A,"="&$A4,Data!G:G,">0")>=$A$1,AVERAGEIF(Data!$A:$A,"="&$A4,Data!G:G),"") | F4: =if(countifs(Data!$A:$A,"="&$A4,Data!H:H,">0")>=$A$1,AVERAGEIF(Data!$A:$A,"="&$A4,Data!H:H),"") -> 2.2105263 | G4: =if(countifs(Data!$A:$A,"="&$A4,Data!I:I,">0")>=$A$1,AVERAGEIF(Data!$A:$A,"="&$A4,Data!I:I),"") -> 2.2 | H4: =if(countifs(Data!$A:$A,"="&$A4,Data!J:J,">0")>=$A$1,AVERAGEIF(Data!$A:$A,"="&$A4,Data!J:J),"") | I4: =if(countifs(Data!$A:$A,"="&$A4,Data!K:K,">0")>=$A$1,AVERAGEIF(Data!$A:$A,"="&$A4,Data!K:K),"") | J4: =if(countifs(Data!$A:$A,"="&$A4,Data!L:L,">0")>=$A$1,AVERAGEIF(Data!$A:$A,"="&$A4,Data!L:L),"") | K4: =if(countifs(Data!$A:$A,"="&$A4,Data!M:M,">0")>=$A$1,AVERAGEIF(Data!$A:$A,"="&$A4,Data!M:M),"") | L4: =if(countifs(Data!$A:$A,"="&$A4,Data!N:N,">0")>=$A$1,AVERAGEIF(Data!$A:$A,"="&$A4,Data!N:N),"") | M4: =if(countifs(Data!$A:$A,"="&$A4,Data!O:O,">0")>=$A$1,AVERAGEIF(Data!$A:$A,"="&$A4,Data!O:O),"") | N4: =if(countifs(Data!$A:$A,"="&$A4,Data!P:P,">0")>=$A$1,AVERAGEIF(Data!$A:$A,"="&$A4,Data!P:P),"") | O4: =if(countifs(Data!$A:$A,"="&$A4,Data!Q:Q,">0")>=$A$1,AVERAGEIF(Data!$A:$A,"="&$A4,Data!Q:Q),"") | P4: =if(countifs(Data!$A:$A,"="&$A4,Data!R:R,">0")>=$A$1,AVERAGEIF(Data!$A:$A,"="&$A4,Data!R:R),"") | Q4: =if(countifs(Data!$A:$A,"="&$A4,Data!S:S,">0")>=$A$1,AVERAGEIF(Data!$A:$A,"="&$A4,Data!S:S),"") | R4: =if(countifs(Data!$A:$A,"="&$A4,Data!T:T,">0")>=$A$1,AVERAGEIF(Data!$A:$A,"="&$A4,Data!T:T),"") | S4: =if(countifs(Data!$A:$A,"="&$A4,Data!U:U,">0")>=$A$1,AVERAGEIF(Data!$A:$A,"="&$A4,Data!U:U),"") | T4: =if(countifs(Data!$A:$A,"="&$A4,Data!V:V,">0")>=$A$1,AVERAGEIF(Data!$A:$A,"="&$A4,Data!V:V),"")
A5: King of Tokyo | B5: =countif(Data!A:A,"="&A5) -> 17 | C5: =if(countifs(Data!$A:$A,"="&$A5,Data!E:E,">0")>=$A$1,AVERAGEIF(Data!$A:$A,"="&$A5,Data!E:E),"") -> 2.1176471 | D5: =if(countifs(Data!$A:$A,"="&$A5,Data!F:F,">0")>=$A$1,AVERAGEIF(Data!$A:$A,"="&$A5,Data!F:F),"") -> 2 | E5: =if(countifs(Data!$A:$A,"="&$A5,Data!G:G,">0")>=$A$1,AVERAGEIF(Data!$A:$A,"="&$A5,Data!G:G),"") | F5: =if(countifs(Data!$A:$A,"="&$A5,Data!H:H,">0")>=$A$1,AVERAGEIF(Data!$A:$A,"="&$A5,Data!H:H),"") -> 1.8888889 | G5: =if(countifs(Data!$A:$A,"="&$A5,Data!I:I,">0")>=$A$1,AVERAGEIF(Data!$A:$A,"="&$A5,Data!I:I),"") | H5: =if(countifs(Data!$A:$A,"="&$A5,Data!J:J,">0")>=$A$1,AVERAGEIF(Data!$A:$A,"="&$A5,Data!J:J),"") | I5: =if(countifs(Data!$A:$A,"="&$A5,Data!K:K,">0")>=$A$1,AVERAGEIF(Data!$A:$A,"="&$A5,Data!K:K),"") | J5: =if(countifs(Data!$A:$A,"="&$A5,Data!L:L,">0")>=$A$1,AVERAGEIF(Data!$A:$A,"="&$A5,Data!L:L),"") | K5: =if(countifs(Data!$A:$A,"="&$A5,Data!M:M,">0")>=$A$1,AVERAGEIF(Data!$A:$A,"="&$A5,Data!M:M),"") -> 2 | L5: =if(countifs(Data!$A:$A,"="&$A5,Data!N:N,">0")>=$A$1,AVERAGEIF(Data!$A:$A,"="&$A5,Data!N:N),"") | M5: =if(countifs(Data!$A:$A,"="&$A5,Data!O:O,">0")>=$A$1,AVERAGEIF(Data!$A:$A,"="&$A5,Data!O:O),"") | N5: =if(countifs(Data!$A:$A,"="&$A5,Data!P:P,">0")>=$A$1,AVERAGEIF(Data!$A:$A,"="&$A5,Data!P:P),"") | O5: =if(countifs(Data!$A:$A,"="&$A5,Data!Q:Q,">0")>=$A$1,AVERAGEIF(Data!$A:$A,"="&$A5,Data!Q:Q),"") | P5: =if(countifs(Data!$A:$A,"="&$A5,Data!R:R,">0")>=$A$1,AVERAGEIF(Data!$A:$A,"="&$A5,Data!R:R),"") | Q5: =if(countifs(Data!$A:$A,"="&$A5,Data!S:S,">0")>=$A$1,AVERAGEIF(Data!$A:$A,"="&$A5,Data!S:S),"") | R5: =if(countifs(Data!$A:$A,"="&$A5,Data!T:T,">0")>=$A$1,AVERAGEIF(Data!$A:$A,"="&$A5,Data!T:T),"") | S5: =if(countifs(Data!$A:$A,"="&$A5,Data!U:U,">0")>=$A$1,AVERAGEIF(Data!$A:$A,"="&$A5,Data!U:U),"") | T5: =if(countifs(Data!$A:$A,"="&$A5,Data!V:V,">0")>=$A$1,AVERAGEIF(Data!$A:$A,"="&$A5,Data!V:V),"")
A6: Monopoly | B6: =countif(Data!A:A,"="&A6) -> 269 | C6: =if(countifs(Data!$A:$A,"="&$A6,Data!E:E,">0")>=$A$1,AVERAGEIF(Data!$A:$A,"="&$A6,Data!E:E),"") -> 2.070632 | D6: =if(countifs(Data!$A:$A,"="&$A6,Data!F:F,">0")>=$A$1,AVERAGEIF(Data!$A:$A,"="&$A6,Data!F:F),"") -> 2.0594796 | E6: =if(countifs(Data!$A:$A,"="&$A6,Data!G:G,">0")>=$A$1,AVERAGEIF(Data!$A:$A,"="&$A6,Data!G:G),"") -> 2.0634328 | F6: =if(countifs(Data!$A:$A,"="&$A6,Data!H:H,">0")>=$A$1,AVERAGEIF(Data!$A:$A,"="&$A6,Data!H:H),"") -> 3.1 | G6: =if(countifs(Data!$A:$A,"="&$A6,Data!I:I,">0")>=$A$1,AVERAGEIF(Data!$A:$A,"="&$A6,Data!I:I),"") | H6: =if(countifs(Data!$A:$A,"="&$A6,Data!J:J,">0")>=$A$1,AVERAGEIF(Data!$A:$A,"="&$A6,Data!J:J),"") -> 3 | I6: =if(countifs(Data!$A:$A,"="&$A6,Data!K:K,">0")>=$A$1,AVERAGEIF(Data!$A:$A,"="&$A6,Data!K:K),"") | J6: =if(countifs(Data!$A:$A,"="&$A6,Data!L:L,">0")>=$A$1,AVERAGEIF(Data!$A:$A,"="&$A6,Data!L:L),"") | K6: =if(countifs(Data!$A:$A,"="&$A6,Data!M:M,">0")>=$A$1,AVERAGEIF(Data!$A:$A,"="&$A6,Data!M:M),"") | L6: =if(countifs(Data!$A:$A,"="&$A6,Data!N:N,">0")>=$A$1,AVERAGEIF(Data!$A:$A,"="&$A6,Data!N:N),"") | M6: =if(countifs(Data!$A:$A,"="&$A6,Data!O:O,">0")>=$A$1,AVERAGEIF(Data!$A:$A,"="&$A6,Data!O:O),"") | N6: =if(countifs(Data!$A:$A,"="&$A6,Data!P:P,">0")>=$A$1,AVERAGEIF(Data!$A:$A,"="&$A6,Data!P:P),"") | O6: =if(countifs(Data!$A:$A,"="&$A6,Data!Q:Q,">0")>=$A$1,AVERAGEIF(Data!$A:$A,"="&$A6,Data!Q:Q),"") | P6: =if(countifs(Data!$A:$A,"="&$A6,Data!R:R,">0")>=$A$1,AVERAGEIF(Data!$A:$A,"="&$A6,Data!R:R),"") | Q6: =if(countifs(Data!$A:$A,"="&$A6,Data!S:S,">0")>=$A$1,AVERAGEIF(Data!$A:$A,"="&$A6,Data!S:S),"") | R6: =if(countifs(Data!$A:$A,"="&$A6,Data!T:T,">0")>=$A$1,AVERAGEIF(Data!$A:$A,"="&$A6,Data!T:T),"") | S6: =if(countifs(Data!$A:$A,"="&$A6,Data!U:U,">0")>=$A$1,AVERAGEIF(Data!$A:$A,"="&$A6,Data!U:U),"") | T6: =if(countifs(Data!$A:$A,"="&$A6,Data!V:V,">0")>=$A$1,AVERAGEIF(Data!$A:$A,"="&$A6,Data!V:V),"")
A7: Sheriff of Nottingham | B7: =countif(Data!A:A,"="&A7) -> 7 | C7: =if(countifs(Data!$A:$A,"="&$A7,Data!E:E,">0")>=$A$1,AVERAGEIF(Data!$A:$A,"="&$A7,Data!E:E),"") -> 2.1428571 | D7: =if(countifs(Data!$A:$A,"="&$A7,Data!F:F,">0")>=$A$1,AVERAGEIF(Data!$A:$A,"="&$A7,Data!F:F),"") -> 2.1666667 | E7: =if(countifs(Data!$A:$A,"="&$A7,Data!G:G,">0")>=$A$1,AVERAGEIF(Data!$A:$A,"="&$A7,Data!G:G),"") | F7: =if(countifs(Data!$A:$A,"="&$A7,Data!H:H,">0")>=$A$1,AVERAGEIF(Data!$A:$A,"="&$A7,Data!H:H),"") -> 2.5 | G7: =if(countifs(Data!$A:$A,"="&$A7,Data!I:I,">0")>=$A$1,AVERAGEIF(Data!$A:$A,"="&$A7,Data!I:I),"") | H7: =if(countifs(Data!$A:$A,"="&$A7,Data!J:J,">0")>=$A$1,AVERAGEIF(Data!$A:$A,"="&$A7,Data!J:J),"") | I7: =if(countifs(Data!$A:$A,"="&$A7,Data!K:K,">0")>=$A$1,AVERAGEIF(Data!$A:$A,"="&$A7,Data!K:K),"") | J7: =if(countifs(Data!$A:$A,"="&$A7,Data!L:L,">0")>=$A$1,AVERAGEIF(Data!$A:$A,"="&$A7,Data!L:L),"") | K7: =if(countifs(Data!$A:$A,"="&$A7,Data!M:M,">0")>=$A$1,AVERAGEIF(Data!$A:$A,"="&$A7,Data!M:M),"") | L7: =if(countifs(Data!$A:$A,"="&$A7,Data!N:N,">0")>=$A$1,AVERAGEIF(Data!$A:$A,"="&$A7,Data!N:N),"") | M7: =if(countifs(Data!$A:$A,"="&$A7,Data!O:O,">0")>=$A$1,AVERAGEIF(Data!$A:$A,"="&$A7,Data!O:O),"") | N7: =if(countifs(Data!$A:$A,"="&$A7,Data!P:P,">0")>=$A$1,AVERAGEIF(Data!$A:$A,"="&$A7,Data!P:P),"") | O7: =if(countifs(Data!$A:$A,"="&$A7,Data!Q:Q,">0")>=$A$1,AVERAGEIF(Data!$A:$A,"="&$A7,Data!Q:Q),"") | P7: =if(countifs(Data!$A:$A,"="&$A7,Data!R:R,">0")>=$A$1,AVERAGEIF(Data!$A:$A,"="&$A7,Data!R:R),"") | Q7: =if(countifs(Data!$A:$A,"="&$A7,Data!S:S,">0")>=$A$1,AVERAGEIF(Data!$A:$A,"="&$A7,Data!S:S),"") | R7: =if(countifs(Data!$A:$A,"="&$A7,Data!T:T,">0")>=$A$1,AVERAGEIF(Data!$A:$A,"="&$A7,Data!T:T),"") | S7: =if(countifs(Data!$A:$A,"="&$A7,Data!U:U,">0")>=$A$1,AVERAGEIF(Data!$A:$A,"="&$A7,Data!U:U),"") | T7: =if(countifs(Data!$A:$A,"="&$A7,Data!V:V,">0")>=$A$1,AVERAGEIF(Data!$A:$A,"="&$A7,Data!V:V),"")
A8: Snapshouts | B8: =countif(Data!A:A,"="&A8) -> 1 | C8: =if(countifs(Data!$A:$A,"="&$A8,Data!E:E,">0")>=$A$1,AVERAGEIF(Data!$A:$A,"="&$A8,Data!E:E),"") | D8: =if(countifs(Data!$A:$A,"="&$A8,Data!F:F,">0")>=$A$1,AVERAGEIF(Data!$A:$A,"="&$A8,Data!F:F),"") | E8: =if(countifs(Data!$A:$A,"="&$A8,Data!G:G,">0")>=$A$1,AVERAGEIF(Data!$A:$A,"="&$A8,Data!G:G),"") | F8: =if(countifs(Data!$A:$A,"="&$A8,Data!H:H,">0")>=$A$1,AVERAGEIF(Data!$A:$A,"="&$A8,Data!H:H),"") | G8: =if(countifs(Data!$A:$A,"="&$A8,Data!I:I,">0")>=$A$1,AVERAGEIF(Data!$A:$A,"="&$A8,Data!I:I),"") | H8: =if(countifs(Data!$A:$A,"="&$A8,Data!J:J,">0")>=$A$1,AVERAGEIF(Data!$A:$A,"="&$A8,Data!J:J),"") | I8: =if(countifs(Data!$A:$A,"="&$A8,Data!K:K,">0")>=$A$1,AVERAGEIF(Data!$A:$A,"="&$A8,Data!K:K),"") | J8: =if(countifs(Data!$A:$A,"="&$A8,Data!L:L,">0")>=$A$1,AVERAGEIF(Data!$A:$A,"="&$A8,Data!L:L),"") | K8: =if(countifs(Data!$A:$A,"="&$A8,Data!M:M,">0")>=$A$1,AVERAGEIF(Data!$A:$A,"="&$A8,Data!M:M),"") | L8: =if(countifs(Data!$A:$A,"="&$A8,Data!N:N,">0")>=$A$1,AVERAGEIF(Data!$A:$A,"="&$A8,Data!N:N),"") | M8: =if(countifs(Data!$A:$A,"="&$A8,Data!O:O,">0")>=$A$1,AVERAGEIF(Data!$A:$A,"="&$A8,Data!O:O),"") | N8: =if(countifs(Data!$A:$A,"="&$A8,Data!P:P,">0")>=$A$1,AVERAGEIF(Data!$A:$A,"="&$A8,Data!P:P),"") | O8: =if(countifs(Data!$A:$A,"="&$A8,Data!Q:Q,">0")>=$A$1,AVERAGEIF(Data!$A:$A,"="&$A8,Data!Q:Q),"") | P8: =if(countifs(Data!$A:$A,"="&$A8,Data!R:R,">0")>=$A$1,AVERAGEIF(Data!$A:$A,"="&$A8,Data!R:R),"") | Q8: =if(countifs(Data!$A:$A,"="&$A8,Data!S:S,">0")>=$A$1,AVERAGEIF(Data!$A:$A,"="&$A8,Data!S:S),"") | R8: =if(countifs(Data!$A:$A,"="&$A8,Data!T:T,">0")>=$A$1,AVERAGEIF(Data!$A:$A,"="&$A8,Data!T:T),"") | S8: =if(countifs(Data!$A:$A,"="&$A8,Data!U:U,">0")>=$A$1,AVERAGEIF(Data!$A:$A,"="&$A8,Data!U:U),"") | T8: =if(countifs(Data!$A:$A,"="&$A8,Data!V:V,">0")>=$A$1,AVERAGEIF(Data!$A:$A,"="&$A8,Data!V:V),"")
A9: Terraforming Mars | B9: =countif(Data!A:A,"="&A9) -> 60 | C9: =if(countifs(Data!$A:$A,"="&$A9,Data!E:E,">0")>=$A$1,AVERAGEIF(Data!$A:$A,"="&$A9,Data!E:E),"") -> 1.9166667 | D9: =if(countifs(Data!$A:$A,"="&$A9,Data!F:F,">0")>=$A$1,AVERAGEIF(Data!$A:$A,"="&$A9,Data!F:F),"") -> 1.6551724 | E9: =if(countifs(Data!$A:$A,"="&$A9,Data!G:G,">0")>=$A$1,AVERAGEIF(Data!$A:$A,"="&$A9,Data!G:G),"") | F9: =if(countifs(Data!$A:$A,"="&$A9,Data!H:H,">0")>=$A$1,AVERAGEIF(Data!$A:$A,"="&$A9,Data!H:H),"") -> 2.3793103 | G9: =if(countifs(Data!$A:$A,"="&$A9,Data!I:I,">0")>=$A$1,AVERAGEIF(Data!$A:$A,"="&$A9,Data!I:I),"") -> 2.8333333 | H9: =if(countifs(Data!$A:$A,"="&$A9,Data!J:J,">0")>=$A$1,AVERAGEIF(Data!$A:$A,"="&$A9,Data!J:J),"") | I9: =if(countifs(Data!$A:$A,"="&$A9,Data!K:K,">0")>=$A$1,AVERAGEIF(Data!$A:$A,"="&$A9,Data!K:K),"") | J9: =if(countifs(Data!$A:$A,"="&$A9,Data!L:L,">0")>=$A$1,AVERAGEIF(Data!$A:$A,"="&$A9,Data!L:L),"") | K9: =if(countifs(Data!$A:$A,"="&$A9,Data!M:M,">0")>=$A$1,AVERAGEIF(Data!$A:$A,"="&$A9,Data!M:M),"") | L9: =if(countifs(Data!$A:$A,"="&$A9,Data!N:N,">0")>=$A$1,AVERAGEIF(Data!$A:$A,"="&$A9,Data!N:N),"") | M9: =if(countifs(Data!$A:$A,"="&$A9,Data!O:O,">0")>=$A$1,AVERAGEIF(Data!$A:$A,"="&$A9,Data!O:O),"") | N9: =if(countifs(Data!$A:$A,"="&$A9,Data!P:P,">0")>=$A$1,AVERAGEIF(Data!$A:$A,"="&$A9,Data!P:P),"") | O9: =if(countifs(Data!$A:$A,"="&$A9,Data!Q:Q,">0")>=$A$1,AVERAGEIF(Data!$A:$A,"="&$A9,Data!Q:Q),"") | P9: =if(countifs(Data!$A:$A,"="&$A9,Data!R:R,">0")>=$A$1,AVERAGEIF(Data!$A:$A,"="&$A9,Data!R:R),"") | Q9: =if(countifs(Data!$A:$A,"="&$A9,Data!S:S,">0")>=$A$1,AVERAGEIF(Data!$A:$A,"="&$A9,Data!S:S),"") | R9: =if(countifs(Data!$A:$A,"="&$A9,Data!T:T,">0")>=$A$1,AVERAGEIF(Data!$A:$A,"="&$A9,Data!T:T),"") | S9: =if(countifs(Data!$A:$A,"="&$A9,Data!U:U,">0")>=$A$1,AVERAGEIF(Data!$A:$A,"="&$A9,Data!U:U),"") | T9: =if(countifs(Data!$A:$A,"="&$A9,Data!V:V,">0")>=$A$1,AVERAGEIF(Data!$A:$A,"="&$A9,Data!V:V),"")
A10: Ticket To Ride | B10: =countif(Data!A:A,"="&A10) -> 14 | C10: =if(countifs(Data!$A:$A,"="&$A10,Data!E:E,">0")>=$A$1,AVERAGEIF(Data!$A:$A,"="&$A10,Data!E:E),"") -> 1.5384615 | D10: =if(countifs(Data!$A:$A,"="&$A10,Data!F:F,">0")>=$A$1,AVERAGEIF(Data!$A:$A,"="&$A10,Data!F:F),"") -> 2.2142857 | E10: =if(countifs(Data!$A:$A,"="&$A10,Data!G:G,">0")>=$A$1,AVERAGEIF(Data!$A:$A,"="&$A10,Data!G:G),"") -> 1.8888889 | F10: =if(countifs(Data!$A:$A,"="&$A10,Data!H:H,">0")>=$A$1,AVERAGEIF(Data!$A:$A,"="&$A10,Data!H:H),"") -> 3.2 | G10: =if(countifs(Data!$A:$A,"="&$A10,Data!I:I,">0")>=$A$1,AVERAGEIF(Data!$A:$A,"="&$A10,Data!I:I),"") | H10: =if(countifs(Data!$A:$A,"="&$A10,Data!J:J,">0")>=$A$1,AVERAGEIF(Data!$A:$A,"="&$A10,Data!J:J),"") | I10: =if(countifs(Data!$A:$A,"="&$A10,Data!K:K,">0")>=$A$1,AVERAGEIF(Data!$A:$A,"="&$A10,Data!K:K),"") | J10: =if(countifs(Data!$A:$A,"="&$A10,Data!L:L,">0")>=$A$1,AVERAGEIF(Data!$A:$A,"="&$A10,Data!L:L),"") | K10: =if(countifs(Data!$A:$A,"="&$A10,Data!M:M,">0")>=$A$1,AVERAGEIF(Data!$A:$A,"="&$A10,Data!M:M),"") | L10: =if(countifs(Data!$A:$A,"="&$A10,Data!N:N,">0")>=$A$1,AVERAGEIF(Data!$A:$A,"="&$A10,Data!N:N),"") | M10: =if(countifs(Data!$A:$A,"="&$A10,Data!O:O,">0")>=$A$1,AVERAGEIF(Data!$A:$A,"="&$A10,Data!O:O),"") | N10: =if(countifs(Data!$A:$A,"="&$A10,Data!P:P,">0")>=$A$1,AVERAGEIF(Data!$A:$A,"="&$A10,Data!P:P),"") | O10: =if(countifs(Data!$A:$A,"="&$A10,Data!Q:Q,">0")>=$A$1,AVERAGEIF(Data!$A:$A,"="&$A10,Data!Q:Q),"") | P10: =if(countifs(Data!$A:$A,"="&$A10,Data!R:R,">0")>=$A$1,AVERAGEIF(Data!$A:$A,"="&$A10,Data!R:R),"") | Q10: =if(countifs(Data!$A:$A,"="&$A10,Data!S:S,">0")>=$A$1,AVERAGEIF(Data!$A:$A,"="&$A10,Data!S:S),"") | R10: =if(countifs(Data!$A:$A,"="&$A10,Data!T:T,">0")>=$A$1,AVERAGEIF(Data!$A:$A,"="&$A10,Data!T:T),"") | S10: =if(countifs(Data!$A:$A,"="&$A10,Data!U:U,">0")>=$A$1,AVERAGEIF(Data!$A:$A,"="&$A10,Data!U:U),"") | T10: =if(countifs(Data!$A:$A,"="&$A10,Data!V:V,">0")>=$A$1,AVERAGEIF(Data!$A:$A,"="&$A10,Data!V:V),"")
A11: Yahtzee | B11: =countif(Data!A:A,"="&A11) -> 12 | C11: =if(countifs(Data!$A:$A,"="&$A11,Data!E:E,">0")>=$A$1,AVERAGEIF(Data!$A:$A,"="&$A11,Data!E:E),"") -> 1.9166667 | D11: =if(countifs(Data!$A:$A,"="&$A11,Data!F:F,">0")>=$A$1,AVERAGEIF(Data!$A:$A,"="&$A11,Data!F:F),"") -> 2.2727273 | E11: =if(countifs(Data!$A:$A,"="&$A11,Data!G:G,">0")>=$A$1,AVERAGEIF(Data!$A:$A,"="&$A11,Data!G:G),"") -> 2.5 | F11: =if(countifs(Data!$A:$A,"="&$A11,Data!H:H,">0")>=$A$1,AVERAGEIF(Data!$A:$A,"="&$A11,Data!H:H),"") -> 2.5714286 | G11: =if(countifs(Data!$A:$A,"="&$A11,Data!I:I,">0")>=$A$1,AVERAGEIF(Data!$A:$A,"="&$A11,Data!I:I),"") | H11: =if(countifs(Data!$A:$A,"="&$A11,Data!J:J,">0")>=$A$1,AVERAGEIF(Data!$A:$A,"="&$A11,Data!J:J),"") | I11: =if(countifs(Data!$A:$A,"="&$A11,Data!K:K,">0")>=$A$1,AVERAGEIF(Data!$A:$A,"="&$A11,Data!K:K),"") | J11: =if(countifs(Data!$A:$A,"="&$A11,Data!L:L,">0")>=$A$1,AVERAGEIF(Data!$A:$A,"="&$A11,Data!L:L),"") | K11: =if(countifs(Data!$A:$A,"="&$A11,Data!M:M,">0")>=$A$1,AVERAGEIF(Data!$A:$A,"="&$A11,Data!M:M),"") | L11: =if(countifs(Data!$A:$A,"="&$A11,Data!N:N,">0")>=$A$1,AVERAGEIF(Data!$A:$A,"="&$A11,Data!N:N),"") | M11: =if(countifs(Data!$A:$A,"="&$A11,Data!O:O,">0")>=$A$1,AVERAGEIF(Data!$A:$A,"="&$A11,Data!O:O),"") | N11: =if(countifs(Data!$A:$A,"="&$A11,Data!P:P,">0")>=$A$1,AVERAGEIF(Data!$A:$A,"="&$A11,Data!P:P),"") | O11: =if(countifs(Data!$A:$A,"="&$A11,Data!Q:Q,">0")>=$A$1,AVERAGEIF(Data!$A:$A,"="&$A11,Data!Q:Q),"") | P11: =if(countifs(Data!$A:$A,"="&$A11,Data!R:R,">0")>=$A$1,AVERAGEIF(Data!$A:$A,"="&$A11,Data!R:R),"") | Q11: =if(countifs(Data!$A:$A,"="&$A11,Data!S:S,">0")>=$A$1,AVERAGEIF(Data!$A:$A,"="&$A11,Data!S:S),"") | R11: =if(countifs(Data!$A:$A,"="&$A11,Data!T:T,">0")>=$A$1,AVERAGEIF(Data!$A:$A,"="&$A11,Data!T:T),"") | S11: =if(countifs(Data!$A:$A,"="&$A11,Data!U:U,">0")>=$A$1,AVERAGEIF(Data!$A:$A,"="&$A11,Data!U:U),"") | T11: =if(countifs(Data!$A:$A,"="&$A11,Data!V:V,">0")>=$A$1,AVERAGEIF(Data!$A:$A,"="&$A11,Data!V:V),"")
A12: Dutch Blitz | B12: =countif(Data!A:A,"="&A12) -> 4 | C12: =if(countifs(Data!$A:$A,"="&$A12,Data!E:E,">0")>=$A$1,AVERAGEIF(Data!$A:$A,"="&$A12,Data!E:E),"") | D12: =if(countifs(Data!$A:$A,"="&$A12,Data!F:F,">0")>=$A$1,AVERAGEIF(Data!$A:$A,"="&$A12,Data!F:F),"") | E12: =if(countifs(Data!$A:$A,"="&$A12,Data!G:G,">0")>=$A$1,AVERAGEIF(Data!$A:$A,"="&$A12,Data!G:G),"") | F12: =if(countifs(Data!$A:$A,"="&$A12,Data!H:H,">0")>=$A$1,AVERAGEIF(Data!$A:$A,"="&$A12,Data!H:H),"") | G12: =if(countifs(Data!$A:$A,"="&$A12,Data!I:I,">0")>=$A$1,AVERAGEIF(Data!$A:$A,"="&$A12,Data!I:I),"") | H12: =if(countifs(Data!$A:$A,"="&$A12,Data!J:J,">0")>=$A$1,AVERAGEIF(Data!$A:$A,"="&$A12,Data!J:J),"") | I12: =if(countifs(Data!$A:$A,"="&$A12,Data!K:K,">0")>=$A$1,AVERAGEIF(Data!$A:$A,"="&$A12,Data!K:K),"") | J12: =if(countifs(Data!$A:$A,"="&$A12,Data!L:L,">0")>=$A$1,AVERAGEIF(Data!$A:$A,"="&$A12,Data!L:L),"") | K12: =if(countifs(Data!$A:$A,"="&$A12,Data!M:M,">0")>=$A$1,AVERAGEIF(Data!$A:$A,"="&$A12,Data!M:M),"") | L12: =if(countifs(Data!$A:$A,"="&$A12,Data!N:N,">0")>=$A$1,AVERAGEIF(Data!$A:$A,"="&$A12,Data!N:N),"") | M12: =if(countifs(Data!$A:$A,"="&$A12,Data!O:O,">0")>=$A$1,AVERAGEIF(Data!$A:$A,"="&$A12,Data!O:O),"") | N12: =if(countifs(Data!$A:$A,"="&$A12,Data!P:P,">0")>=$A$1,AVERAGEIF(Data!$A:$A,"="&$A12,Data!P:P),"") | O12: =if(countifs(Data!$A:$A,"="&$A12,Data!Q:Q,">0")>=$A$1,AVERAGEIF(Data!$A:$A,"="&$A12,Data!Q:Q),"") | P12: =if(countifs(Data!$A:$A,"="&$A12,Data!R:R,">0")>=$A$1,AVERAGEIF(Data!$A:$A,"="&$A12,Data!R:R),"") | Q12: =if(countifs(Data!$A:$A,"="&$A12,Data!S:S,">0")>=$A$1,AVERAGEIF(Data!$A:$A,"="&$A12,Data!S:S),"") | R12: =if(countifs(Data!$A:$A,"="&$A12,Data!T:T,">0")>=$A$1,AVERAGEIF(Data!$A:$A,"="&$A12,Data!T:T),"") | S12: =if(countifs(Data!$A:$A,"="&$A12,Data!U:U,">0")>=$A$1,AVERAGEIF(Data!$A:$A,"="&$A12,Data!U:U),"") | T12: =if(countifs(Data!$A:$A,"="&$A12,Data!V:V,">0")>=$A$1,AVERAGEIF(Data!$A:$A,"="&$A12,Data!V:V),"")
A13: Catan | B13: =countif(Data!A:A,"="&A13) -> 24 | C13: =if(countifs(Data!$A:$A,"="&$A13,Data!E:E,">0")>=$A$1,AVERAGEIF(Data!$A:$A,"="&$A13,Data!E:E),"") -> 2.1666667 | D13: =if(countifs(Data!$A:$A,"="&$A13,Data!F:F,">0")>=$A$1,AVERAGEIF(Data!$A:$A,"="&$A13,Data!F:F),"") -> 1.8695652 | E13: =if(countifs(Data!$A:$A,"="&$A13,Data!G:G,">0")>=$A$1,AVERAGEIF(Data!$A:$A,"="&$A13,Data!G:G),"") | F13: =if(countifs(Data!$A:$A,"="&$A13,Data!H:H,">0")>=$A$1,AVERAGEIF(Data!$A:$A,"="&$A13,Data!H:H),"") -> 1.7727273 | G13: =if(countifs(Data!$A:$A,"="&$A13,Data!I:I,">0")>=$A$1,AVERAGEIF(Data!$A:$A,"="&$A13,Data!I:I),"") | H13: =if(countifs(Data!$A:$A,"="&$A13,Data!J:J,">0")>=$A$1,AVERAGEIF(Data!$A:$A,"="&$A13,Data!J:J),"") | I13: =if(countifs(Data!$A:$A,"="&$A13,Data!K:K,">0")>=$A$1,AVERAGEIF(Data!$A:$A,"="&$A13,Data!K:K),"") | J13: =if(countifs(Data!$A:$A,"="&$A13,Data!L:L,">0")>=$A$1,AVERAGEIF(Data!$A:$A,"="&$A13,Data!L:L),"") | K13: =if(countifs(Data!$A:$A,"="&$A13,Data!M:M,">0")>=$A$1,AVERAGEIF(Data!$A:$A,"="&$A13,Data!M:M),"") | L13: =if(countifs(Data!$A:$A,"="&$A13,Data!N:N,">0")>=$A$1,AVERAGEIF(Data!$A:$A,"="&$A13,Data!N:N),"") | M13: =if(countifs(Data!$A:$A,"="&$A13,Data!O:O,">0")>=$A$1,AVERAGEIF(Data!$A:$A,"="&$A13,Data!O:O),"") | N13: =if(countifs(Data!$A:$A,"="&$A13,Data!P:P,">0")>=$A$1,AVERAGEIF(Data!$A:$A,"="&$A13,Data!P:P),"") | O13: =if(countifs(Data!$A:$A,"="&$A13,Data!Q:Q,">0")>=$A$1,AVERAGEIF(Data!$A:$A,"="&$A13,Data!Q:Q),"") | P13: =if(countifs(Data!$A:$A,"="&$A13,Data!R:R,">0")>=$A$1,AVERAGEIF(Data!$A:$A,"="&$A13,Data!R:R),"") | Q13: =if(countifs(Data!$A:$A,"="&$A13,Data!S:S,">0")>=$A$1,AVERAGEIF(Data!$A:$A,"="&$A13,Data!S:S),"") | R13: =if(countifs(Data!$A:$A,"="&$A13,Data!T:T,">0")>=$A$1,AVERAGEIF(Data!$A:$A,"="&$A13,Data!T:T),"") | S13: =if(countifs(Data!$A:$A,"="&$A13,Data!U:U,">0")>=$A$1,AVERAGEIF(Data!$A:$A,"="&$A13,Data!U:U),"") | T13: =if(countifs(Data!$A:$A,"="&$A13,Data!V:V,">0")>=$A$1,AVERAGEIF(Data!$A:$A,"="&$A13,Data!V:V),"")
... A22: Viticulture | B22: =countif(Data!A:A,"="&A22) -> 5 | C22: =if(countifs(Data!$A:$A,"="&$A22,Data!E:E,">0")>=$A$1,AVERAGEIF(Data!$A:$A,"="&$A22,Data!E:E),"") -> 2.6 | D22: =if(countifs(Data!$A:$A,"="&$A22,Data!F:F,">0")>=$A$1,AVERAGEIF(Data!$A:$A,"="&$A22,Data!F:F),"") -> 1.2 | E22: =if(countifs(Data!$A:$A,"="&$A22,Data!G:G,">0")>=$A$1,AVERAGEIF(Data!$A:$A,"="&$A22,Data!G:G),"") | F22: =if(countifs(Data!$A:$A,"="&$A22,Data!H:H,">0")>=$A$1,AVERAGEIF(Data!$A:$A,"="&$A22,Data!H:H),"") -> 2.2 | G22: =if(countifs(Data!$A:$A,"="&$A22,Data!I:I,">0")>=$A$1,AVERAGEIF(Data!$A:$A,"="&$A22,Data!I:I),"") | H22: =if(countifs(Data!$A:$A,"="&$A22,Data!J:J,">0")>=$A$1,AVERAGEIF(Data!$A:$A,"="&$A22,Data!J:J),"") | I22: =if(countifs(Data!$A:$A,"="&$A22,Data!K:K,">0")>=$A$1,AVERAGEIF(Data!$A:$A,"="&$A22,Data!K:K),"") | J22: =if(countifs(Data!$A:$A,"="&$A22,Data!L:L,">0")>=$A$1,AVERAGEIF(Data!$A:$A,"="&$A22,Data!L:L),"") | K22: =if(countifs(Data!$A:$A,"="&$A22,Data!M:M,">0")>=$A$1,AVERAGEIF(Data!$A:$A,"="&$A22,Data!M:M),"") | L22: =if(countifs(Data!$A:$A,"="&$A22,Data!N:N,">0")>=$A$1,AVERAGEIF(Data!$A:$A,"="&$A22,Data!N:N),"") | M22: =if(countifs(Data!$A:$A,"="&$A22,Data!O:O,">0")>=$A$1,AVERAGEIF(Data!$A:$A,"="&$A22,Data!O:O),"") | N22: =if(countifs(Data!$A:$A,"="&$A22,Data!P:P,">0")>=$A$1,AVERAGEIF(Data!$A:$A,"="&$A22,Data!P:P),"") | O22: =if(countifs(Data!$A:$A,"="&$A22,Data!Q:Q,">0")>=$A$1,AVERAGEIF(Data!$A:$A,"="&$A22,Data!Q:Q),"") | P22: =if(countifs(Data!$A:$A,"="&$A22,Data!R:R,">0")>=$A$1,AVERAGEIF(Data!$A:$A,"="&$A22,Data!R:R),"") | Q22: =if(countifs(Data!$A:$A,"="&$A22,Data!S:S,">0")>=$A$1,AVERAGEIF(Data!$A:$A,"="&$A22,Data!S:S),"") | R22: =if(countifs(Data!$A:$A,"="&$A22,Data!T:T,">0")>=$A$1,AVERAGEIF(Data!$A:$A,"="&$A22,Data!T:T),"") | S22: =if(countifs(Data!$A:$A,"="&$A22,Data!U:U,">0")>=$A$1,AVERAGEIF(Data!$A:$A,"="&$A22,Data!U:U),"") | T22: =if(countifs(Data!$A:$A,"="&$A22,Data!V:V,">0")>=$A$1,AVERAGEIF(Data!$A:$A,"="&$A22,Data!V:V),"")
C23: =AVERAGE(Data!E:E) -> 2.107084 | D23: =AVERAGE(Data!F:F) -> 1.9799331 | E23: =AVERAGE(Data!G:G) -> 2.0977918 | F23: =AVERAGE(Data!H:H) -> 2.2261484 | G23: =AVERAGE(Data!I:I) -> 2.8333333 | H23: =AVERAGE(Data!J:J) -> 3 | I23: =AVERAGE(Data!K:K) -> 2.3703704 | J23: =AVERAGE(Data!L:L) -> 2.8888889 | K23: =AVERAGE(Data!M:M) -> 2.3333333 | L23: =AVERAGE(Data!N:N) -> 3.25 | M23: =AVERAGE(Data!O:O) -> 4 | N23: =AVERAGE(Data!P:P) -> 1 | O23: =AVERAGE(Data!Q:Q) -> 2 | P23: =AVERAGE(Data!R:R) -> 2.6666667 | Q23: =AVERAGE(Data!S:S) -> 3.6666667 | R23: =AVERAGE(Data!T:T) -> 4 | S23: =AVERAGE(Data!U:U) -> 2 | T23: =AVERAGE(Data!V:V) -> 2.76
A25: Odds Against Any Opponent | C25: =(sumifs(Data!$D:$D,Data!E:E,"<>")-SUMIFS(Data!E:E,Data!E:E,"<>"))/(SUMIFS(Data!$D:$D,Data!E:E,"<>")-COUNTIFS(Data!E:E,">0")) -> 0.49775785 | D25: =(sumifs(Data!$D:$D,Data!F:F,"<>")-SUMIFS(Data!F:F,Data!F:F,"<>"))/(SUMIFS(Data!$D:$D,Data!F:F,"<>")-COUNTIFS(Data!F:F,">0")) -> 0.55572403 | E25: =(sumifs(Data!$D:$D,Data!G:G,"<>")-SUMIFS(Data!G:G,Data!G:G,"<>"))/(SUMIFS(Data!$D:$D,Data!G:G,"<>")-COUNTIFS(Data!G:G,">0")) -> 0.50214592 | F25: =(sumifs(Data!$D:$D,Data!H:H,"<>")-SUMIFS(Data!H:H,Data!H:H,"<>"))/(SUMIFS(Data!$D:$D,Data!H:H,"<>")-COUNTIFS(Data!H:H,">0")) -> 0.45696401 | G25: =(sumifs(Data!$D:$D,Data!I:I,"<>")-SUMIFS(Data!I:I,Data!I:I,"<>"))/(SUMIFS(Data!$D:$D,Data!I:I,"<>")-COUNTIFS(Data!I:I,">0")) -> 0.36538462 | H25: =(sumifs(Data!$D:$D,Data!J:J,"<>")-SUMIFS(Data!J:J,Data!J:J,"<>"))/(SUMIFS(Data!$D:$D,Data!J:J,"<>")-COUNTIFS(Data!J:J,">0")) -> 0.34146341 | I25: =(sumifs(Data!$D:$D,Data!K:K,"<>")-SUMIFS(Data!K:K,Data!K:K,"<>"))/(SUMIFS(Data!$D:$D,Data!K:K,"<>")-COUNTIFS(Data!K:K,">0")) -> 0.48611111 | J25: =(sumifs(Data!$D:$D,Data!L:L,"<>")-SUMIFS(Data!L:L,Data!L:L,"<>"))/(SUMIFS(Data!$D:$D,Data!L:L,"<>")-COUNTIFS(Data!L:L,">0")) -> 0.39285714 | K25: =(sumifs(Data!$D:$D,Data!M:M,"<>")-SUMIFS(Data!M:M,Data!M:M,"<>"))/(SUMIFS(Data!$D:$D,Data!M:M,"<>")-COUNTIFS(Data!M:M,">0")) -> 0.5 | L25: =(sumifs(Data!$D:$D,Data!N:N,"<>")-SUMIFS(Data!N:N,Data!N:N,"<>"))/(SUMIFS(Data!$D:$D,Data!N:N,"<>")-COUNTIFS(Data!N:N,">0")) -> 0.18181818 | M25: =(sumifs(Data!$D:$D,Data!O:O,"<>")-SUMIFS(Data!O:O,Data!O:O,"<>"))/(SUMIFS(Data!$D:$D,Data!O:O,"<>")-COUNTIFS(Data!O:O,">0")) -> 0 | N25: =(sumifs(Data!$D:$D,Data!P:P,"<>")-SUMIFS(Data!P:P,Data!P:P,"<>"))/(SUMIFS(Data!$D:$D,Data!P:P,"<>")-COUNTIFS(Data!P:P,">0")) -> 1 | O25: =(sumifs(Data!$D:$D,Data!Q:Q,"<>")-SUMIFS(Data!Q:Q,Data!Q:Q,"<>"))/(SUMIFS(Data!$D:$D,Data!Q:Q,"<>")-COUNTIFS(Data!Q:Q,">0")) -> 0.5 | P25: =(sumifs(Data!$D:$D,Data!R:R,"<>")-SUMIFS(Data!R:R,Data!R:R,"<>"))/(SUMIFS(Data!$D:$D,Data!R:R,"<>")-COUNTIFS(Data!R:R,">0")) -> 0.375 | Q25: =(sumifs(Data!$D:$D,Data!S:S,"<>")-SUMIFS(Data!S:S,Data!S:S,"<>"))/(SUMIFS(Data!$D:$D,Data!S:S,"<>")-COUNTIFS(Data!S:S,">0")) -> 0.11111111 | R25: =(sumifs(Data!$D:$D,Data!T:T,"<>")-SUMIFS(Data!T:T,Data!T:T,"<>"))/(SUMIFS(Data!$D:$D,Data!T:T,"<>")-COUNTIFS(Data!T:T,">0")) -> 0 | S25: =(sumifs(Data!$D:$D,Data!U:U,"<>")-SUMIFS(Data!U:U,Data!U:U,"<>"))/(SUMIFS(Data!$D:$D,Data!U:U,"<>")-COUNTIFS(Data!U:U,">0")) -> 0.66666667 | T25: =(sumifs(Data!$D:$D,Data!V:V,"<>")-SUMIFS(Data!V:V,Data!V:V,"<>"))/(SUMIFS(Data!$D:$D,Data!V:V,"<>")-COUNTIFS(Data!V:V,">0")) -> 0.40540541

Sheet Odds
B1: Count | C1: =Data!E1 -> Jeffrey | D1: =Data!F1 -> Robert | E1: =Data!G1 -> Bobby | F1: =Data!H1 -> Stephen | G1: =Data!I1 -> Cory | H1: =Data!J1 -> Chelsea | I1: =Data!K1 -> Robin | J1: =Data!L1 -> Marcus | ... T1: =Data!V1 -> Abby
A2: Carcassonne | B2: =countif(Data!A:A,"="&A2) -> 24 | C2: =if(COUNTIFS(Data!E:E,"<>",Data!$A:$A,$A2,Data!$D:$D,$B$30)<$B$31,"",(sumifs(Data!$D:$D,Data!E:E,"<>",Data!$A:$A,$A2,Data!$D:$D,$B$30)-sumifs(Data!E:E,Data!E:E,"<>",Data!$A:$A,$A2,Data!$D:$D,$B$30))/(sumifs(Data!$D:$D,Data!E:E,"<>",Data!$A:$A,$A2,Data!$D:$D,$B$30)-countifs(Data!E:E,"<>",Data!$A:$A,$A2,Data!$D:$D,$B$30))) -> 0.53125 | D2: =if(COUNTIFS(Data!F:F,"<>",Data!$A:$A,$A2,Data!$D:$D,$B$30)<$B$31,"",(sumifs(Data!$D:$D,Data!F:F,"<>",Data!$A:$A,$A2,Data!$D:$D,$B$30)-sumifs(Data!F:F,Data!F:F,"<>",Data!$A:$A,$A2,Data!$D:$D,$B$30))/(sumifs(Data!$D:$D,Data!F:F,"<>",Data!$A:$A,$A2,Data!$D:$D,$B$30)-countifs(Data!F:F,"<>",Data!$A:$A,$A2,Data!$D:$D,$B$30))) -> 0.59375 | E2: =if(COUNTIFS(Data!G:G,"<>",Data!$A:$A,$A2,Data!$D:$D,$B$30)<$B$31,"",(sumifs(Data!$D:$D,Data!G:G,"<>",Data!$A:$A,$A2,Data!$D:$D,$B$30)-sumifs(Data!G:G,Data!G:G,"<>",Data!$A:$A,$A2,Data!$D:$D,$B$30))/(sumifs(Data!$D:$D,Data!G:G,"<>",Data!$A:$A,$A2,Data!$D:$D,$B$30)-countifs(Data!G:G,"<>",Data!$A:$A,$A2,Data!$D:$D,$B$30))) | F2: =if(COUNTIFS(Data!H:H,"<>",Data!$A:$A,$A2,Data!$D:$D,$B$30)<$B$31,"",(sumifs(Data!$D:$D,Data!H:H,"<>",Data!$A:$A,$A2,Data!$D:$D,$B$30)-sumifs(Data!H:H,Data!H:H,"<>",Data!$A:$A,$A2,Data!$D:$D,$B$30))/(sumifs(Data!$D:$D,Data!H:H,"<>",Data!$A:$A,$A2,Data!$D:$D,$B$30)-countifs(Data!H:H,"<>",Data!$A:$A,$A2,Data!$D:$D,$B$30))) -> 0.36363636 | G2: =if(COUNTIFS(Data!I:I,"<>",Data!$A:$A,$A2,Data!$D:$D,$B$30)<$B$31,"",(sumifs(Data!$D:$D,Data!I:I,"<>",Data!$A:$A,$A2,Data!$D:$D,$B$30)-sumifs(Data!I:I,Data!I:I,"<>",Data!$A:$A,$A2,Data!$D:$D,$B$30))/(sumifs(Data!$D:$D,Data!I:I,"<>",Data!$A:$A,$A2,Data!$D:$D,$B$30)-countifs(Data!I:I,"<>",Data!$A:$A,$A2,Data!$D:$D,$B$30))) | H2: =if(COUNTIFS(Data!J:J,"<>",Data!$A:$A,$A2,Data!$D:$D,$B$30)<$B$31,"",(sumifs(Data!$D:$D,Data!J:J,"<>",Data!$A:$A,$A2,Data!$D:$D,$B$30)-sumifs(Data!J:J,Data!J:J,"<>",Data!$A:$A,$A2,Data!$D:$D,$B$30))/(sumifs(Data!$D:$D,Data!J:J,"<>",Data!$A:$A,$A2,Data!$D:$D,$B$30)-countifs(Data!J:J,"<>",Data!$A:$A,$A2,Data!$D:$D,$B$30))) | I2: =if(COUNTIFS(Data!K:K,"<>",Data!$A:$A,$A2,Data!$D:$D,$B$30)<$B$31,"",(sumifs(Data!$D:$D,Data!K:K,"<>",Data!$A:$A,$A2,Data!$D:$D,$B$30)-sumifs(Data!K:K,Data!K:K,"<>",Data!$A:$A,$A2,Data!$D:$D,$B$30))/(sumifs(Data!$D:$D,Data!K:K,"<>",Data!$A:$A,$A2,Data!$D:$D,$B$30)-countifs(Data!K:K,"<>",Data!$A:$A,$A2,Data!$D:$D,$B$30))) | J2: =if(COUNTIFS(Data!L:L,"<>",Data!$A:$A,$A2,Data!$D:$D,$B$30)<$B$31,"",(sumifs(Data!$D:$D,Data!L:L,"<>",Data!$A:$A,$A2,Data!$D:$D,$B$30)-sumifs(Data!L:L,Data!L:L,"<>",Data!$A:$A,$A2,Data!$D:$D,$B$30))/(sumifs(Data!$D:$D,Data!L:L,"<>",Data!$A:$A,$A2,Data!$D:$D,$B$30)-countifs(Data!L:L,"<>",Data!$A:$A,$A2,Data!$D:$D,$B$30))) | K2: =if(COUNTIFS(Data!M:M,"<>",Data!$A:$A,$A2,Data!$D:$D,$B$30)<$B$31,"",(sumifs(Data!$D:$D,Data!M:M,"<>",Data!$A:$A,$A2,Data!$D:$D,$B$30)-sumifs(Data!M:M,Data!M:M,"<>",Data!$A:$A,$A2,Data!$D:$D,$B$30))/(sumifs(Data!$D:$D,Data!M:M,"<>",Data!$A:$A,$A2,Data!$D:$D,$B$30)-countifs(Data!M:M,"<>",Data!$A:$A,$A2,Data!$D:$D,$B$30))) | L2: =if(COUNTIFS(Data!N:N,"<>",Data!$A:$A,$A2,Data!$D:$D,$B$30)<$B$31,"",(sumifs(Data!$D:$D,Data!N:N,"<>",Data!$A:$A,$A2,Data!$D:$D,$B$30)-sumifs(Data!N:N,Data!N:N,"<>",Data!$A:$A,$A2,Data!$D:$D,$B$30))/(sumifs(Data!$D:$D,Data!N:N,"<>",Data!$A:$A,$A2,Data!$D:$D,$B$30)-countifs(Data!N:N,"<>",Data!$A:$A,$A2,Data!$D:$D,$B$30))) | M2: =if(COUNTIFS(Data!O:O,"<>",Data!$A:$A,$A2,Data!$D:$D,$B$30)<$B$31,"",(sumifs(Data!$D:$D,Data!O:O,"<>",Data!$A:$A,$A2,Data!$D:$D,$B$30)-sumifs(Data!O:O,Data!O:O,"<>",Data!$A:$A,$A2,Data!$D:$D,$B$30))/(sumifs(Data!$D:$D,Data!O:O,"<>",Data!$A:$A,$A2,Data!$D:$D,$B$30)-countifs(Data!O:O,"<>",Data!$A:$A,$A2,Data!$D:$D,$B$30))) | N2: =if(COUNTIFS(Data!P:P,"<>",Data!$A:$A,$A2,Data!$D:$D,$B$30)<$B$31,"",(sumifs(Data!$D:$D,Data!P:P,"<>",Data!$A:$A,$A2,Data!$D:$D,$B$30)-sumifs(Data!P:P,Data!P:P,"<>",Data!$A:$A,$A2,Data!$D:$D,$B$30))/(sumifs(Data!$D:$D,Data!P:P,"<>",Data!$A:$A,$A2,Data!$D:$D,$B$30)-countifs(Data!P:P,"<>",Data!$A:$A,$A2,Data!$D:$D,$B$30))) | O2: =if(COUNTIFS(Data!Q:Q,"<>",Data!$A:$A,$A2,Data!$D:$D,$B$30)<$B$31,"",(sumifs(Data!$D:$D,Data!Q:Q,"<>",Data!$A:$A,$A2,Data!$D:$D,$B$30)-sumifs(Data!Q:Q,Data!Q:Q,"<>",Data!$A:$A,$A2,Data!$D:$D,$B$30))/(sumifs(Data!$D:$D,Data!Q:Q,"<>",Data!$A:$A,$A2,Data!$D:$D,$B$30)-countifs(Data!Q:Q,"<>",Data!$A:$A,$A2,Data!$D:$D,$B$30))) | P2: =if(COUNTIFS(Data!R:R,"<>",Data!$A:$A,$A2,Data!$D:$D,$B$30)<$B$31,"",(sumifs(Data!$D:$D,Data!R:R,"<>",Data!$A:$A,$A2,Data!$D:$D,$B$30)-sumifs(Data!R:R,Data!R:R,"<>",Data!$A:$A,$A2,Data!$D:$D,$B$30))/(sumifs(Data!$D:$D,Data!R:R,"<>",Data!$A:$A,$A2,Data!$D:$D,$B$30)-countifs(Data!R:R,"<>",Data!$A:$A,$A2,Data!$D:$D,$B$30))) | Q2: =if(COUNTIFS(Data!S:S,"<>",Data!$A:$A,$A2,Data!$D:$D,$B$30)<$B$31,"",(sumifs(Data!$D:$D,Data!S:S,"<>",Data!$A:$A,$A2,Data!$D:$D,$B$30)-sumifs(Data!S:S,Data!S:S,"<>",Data!$A:$A,$A2,Data!$D:$D,$B$30))/(sumifs(Data!$D:$D,Data!S:S,"<>",Data!$A:$A,$A2,Data!$D:$D,$B$30)-countifs(Data!S:S,"<>",Data!$A:$A,$A2,Data!$D:$D,$B$30))) | R2: =if(COUNTIFS(Data!T:T,"<>",Data!$A:$A,$A2,Data!$D:$D,$B$30)<$B$31,"",(sumifs(Data!$D:$D,Data!T:T,"<>",Data!$A:$A,$A2,Data!$D:$D,$B$30)-sumifs(Data!T:T,Data!T:T,"<>",Data!$A:$A,$A2,Data!$D:$D,$B$30))/(sumifs(Data!$D:$D,Data!T:T,"<>",Data!$A:$A,$A2,Data!$D:$D,$B$30)-countifs(Data!T:T,"<>",Data!$A:$A,$A2,Data!$D:$D,$B$30))) | S2: =if(COUNTIFS(Data!U:U,"<>",Data!$A:$A,$A2,Data!$D:$D,$B$30)<$B$31,"",(sumifs(Data!$D:$D,Data!U:U,"<>",Data!$A:$A,$A2,Data!$D:$D,$B$30)-sumifs(Data!U:U,Data!U:U,"<>",Data!$A:$A,$A2,Data!$D:$D,$B$30))/(sumifs(Data!$D:$D,Data!U:U,"<>",Data!$A:$A,$A2,Data!$D:$D,$B$30)-countifs(Data!U:U,"<>",Data!$A:$A,$A2,Data!$D:$D,$B$30))) | T2: =if(COUNTIFS(Data!V:V,"<>",Data!$A:$A,$A2,Data!$D:$D,$B$30)<$B$31,"",(sumifs(Data!$D:$D,Data!V:V,"<>",Data!$A:$A,$A2,Data!$D:$D,$B$30)-sumifs(Data!V:V,Data!V:V,"<>",Data!$A:$A,$A2,Data!$D:$D,$B$30))/(sumifs(Data!$D:$D,Data!V:V,"<>",Data!$A:$A,$A2,Data!$D:$D,$B$30)-countifs(Data!V:V,"<>",Data!$A:$A,$A2,Data!$D:$D,$B$30)))
A3: Dominion | B3: =countif(Data!A:A,"="&A3) -> 3 | C3: =if(COUNTIFS(Data!E:E,"<>",Data!$A:$A,$A3,Data!$D:$D,$B$30)<$B$31,"",(sumifs(Data!$D:$D,Data!E:E,"<>",Data!$A:$A,$A3,Data!$D:$D,$B$30)-sumifs(Data!E:E,Data!E:E,"<>",Data!$A:$A,$A3,Data!$D:$D,$B$30))/(sumifs(Data!$D:$D,Data!E:E,"<>",Data!$A:$A,$A3,Data!$D:$D,$B$30)-countifs(Data!E:E,"<>",Data!$A:$A,$A3,Data!$D:$D,$B$30))) | D3: =if(COUNTIFS(Data!F:F,"<>",Data!$A:$A,$A3,Data!$D:$D,$B$30)<$B$31,"",(sumifs(Data!$D:$D,Data!F:F,"<>",Data!$A:$A,$A3,Data!$D:$D,$B$30)-sumifs(Data!F:F,Data!F:F,"<>",Data!$A:$A,$A3,Data!$D:$D,$B$30))/(sumifs(Data!$D:$D,Data!F:F,"<>",Data!$A:$A,$A3,Data!$D:$D,$B$30)-countifs(Data!F:F,"<>",Data!$A:$A,$A3,Data!$D:$D,$B$30))) | E3: =if(COUNTIFS(Data!G:G,"<>",Data!$A:$A,$A3,Data!$D:$D,$B$30)<$B$31,"",(sumifs(Data!$D:$D,Data!G:G,"<>",Data!$A:$A,$A3,Data!$D:$D,$B$30)-sumifs(Data!G:G,Data!G:G,"<>",Data!$A:$A,$A3,Data!$D:$D,$B$30))/(sumifs(Data!$D:$D,Data!G:G,"<>",Data!$A:$A,$A3,Data!$D:$D,$B$30)-countifs(Data!G:G,"<>",Data!$A:$A,$A3,Data!$D:$D,$B$30))) | F3: =if(COUNTIFS(Data!H:H,"<>",Data!$A:$A,$A3,Data!$D:$D,$B$30)<$B$31,"",(sumifs(Data!$D:$D,Data!H:H,"<>",Data!$A:$A,$A3,Data!$D:$D,$B$30)-sumifs(Data!H:H,Data!H:H,"<>",Data!$A:$A,$A3,Data!$D:$D,$B$30))/(sumifs(Data!$D:$D,Data!H:H,"<>",Data!$A:$A,$A3,Data!$D:$D,$B$30)-countifs(Data!H:H,"<>",Data!$A:$A,$A3,Data!$D:$D,$B$30))) | G3: =if(COUNTIFS(Data!I:I,"<>",Data!$A:$A,$A3,Data!$D:$D,$B$30)<$B$31,"",(sumifs(Data!$D:$D,Data!I:I,"<>",Data!$A:$A,$A3,Data!$D:$D,$B$30)-sumifs(Data!I:I,Data!I:I,"<>",Data!$A:$A,$A3,Data!$D:$D,$B$30))/(sumifs(Data!$D:$D,Data!I:I,"<>",Data!$A:$A,$A3,Data!$D:$D,$B$30)-countifs(Data!I:I,"<>",Data!$A:$A,$A3,Data!$D:$D,$B$30))) | H3: =if(COUNTIFS(Data!J:J,"<>",Data!$A:$A,$A3,Data!$D:$D,$B$30)<$B$31,"",(sumifs(Data!$D:$D,Data!J:J,"<>",Data!$A:$A,$A3,Data!$D:$D,$B$30)-sumifs(Data!J:J,Data!J:J,"<>",Data!$A:$A,$A3,Data!$D:$D,$B$30))/(sumifs(Data!$D:$D,Data!J:J,"<>",Data!$A:$A,$A3,Data!$D:$D,$B$30)-countifs(Data!J:J,"<>",Data!$A:$A,$A3,Data!$D:$D,$B$30))) | I3: =if(COUNTIFS(Data!K:K,"<>",Data!$A:$A,$A3,Data!$D:$D,$B$30)<$B$31,"",(sumifs(Data!$D:$D,Data!K:K,"<>",Data!$A:$A,$A3,Data!$D:$D,$B$30)-sumifs(Data!K:K,Data!K:K,"<>",Data!$A:$A,$A3,Data!$D:$D,$B$30))/(sumifs(Data!$D:$D,Data!K:K,"<>",Data!$A:$A,$A3,Data!$D:$D,$B$30)-countifs(Data!K:K,"<>",Data!$A:$A,$A3,Data!$D:$D,$B$30))) | J3: =if(COUNTIFS(Data!L:L,"<>",Data!$A:$A,$A3,Data!$D:$D,$B$30)<$B$31,"",(sumifs(Data!$D:$D,Data!L:L,"<>",Data!$A:$A,$A3,Data!$D:$D,$B$30)-sumifs(Data!L:L,Data!L:L,"<>",Data!$A:$A,$A3,Data!$D:$D,$B$30))/(sumifs(Data!$D:$D,Data!L:L,"<>",Data!$A:$A,$A3,Data!$D:$D,$B$30)-countifs(Data!L:L,"<>",Data!$A:$A,$A3,Data!$D:$D,$B$30))) | K3: =if(COUNTIFS(Data!M:M,"<>",Data!$A:$A,$A3,Data!$D:$D,$B$30)<$B$31,"",(sumifs(Data!$D:$D,Data!M:M,"<>",Data!$A:$A,$A3,Data!$D:$D,$B$30)-sumifs(Data!M:M,Data!M:M,"<>",Data!$A:$A,$A3,Data!$D:$D,$B$30))/(sumifs(Data!$D:$D,Data!M:M,"<>",Data!$A:$A,$A3,Data!$D:$D,$B$30)-countifs(Data!M:M,"<>",Data!$A:$A,$A3,Data!$D:$D,$B$30))) | L3: =if(COUNTIFS(Data!N:N,"<>",Data!$A:$A,$A3,Data!$D:$D,$B$30)<$B$31,"",(sumifs(Data!$D:$D,Data!N:N,"<>",Data!$A:$A,$A3,Data!$D:$D,$B$30)-sumifs(Data!N:N,Data!N:N,"<>",Data!$A:$A,$A3,Data!$D:$D,$B$30))/(sumifs(Data!$D:$D,Data!N:N,"<>",Data!$A:$A,$A3,Data!$D:$D,$B$30)-countifs(Data!N:N,"<>",Data!$A:$A,$A3,Data!$D:$D,$B$30))) | M3: =if(COUNTIFS(Data!O:O,"<>",Data!$A:$A,$A3,Data!$D:$D,$B$30)<$B$31,"",(sumifs(Data!$D:$D,Data!O:O,"<>",Data!$A:$A,$A3,Data!$D:$D,$B$30)-sumifs(Data!O:O,Data!O:O,"<>",Data!$A:$A,$A3,Data!$D:$D,$B$30))/(sumifs(Data!$D:$D,Data!O:O,"<>",Data!$A:$A,$A3,Data!$D:$D,$B$30)-countifs(Data!O:O,"<>",Data!$A:$A,$A3,Data!$D:$D,$B$30))) | N3: =if(COUNTIFS(Data!P:P,"<>",Data!$A:$A,$A3,Data!$D:$D,$B$30)<$B$31,"",(sumifs(Data!$D:$D,Data!P:P,"<>",Data!$A:$A,$A3,Data!$D:$D,$B$30)-sumifs(Data!P:P,Data!P:P,"<>",Data!$A:$A,$A3,Data!$D:$D,$B$30))/(sumifs(Data!$D:$D,Data!P:P,"<>",Data!$A:$A,$A3,Data!$D:$D,$B$30)-countifs(Data!P:P,"<>",Data!$A:$A,$A3,Data!$D:$D,$B$30))) | O3: =if(COUNTIFS(Data!Q:Q,"<>",Data!$A:$A,$A3,Data!$D:$D,$B$30)<$B$31,"",(sumifs(Data!$D:$D,Data!Q:Q,"<>",Data!$A:$A,$A3,Data!$D:$D,$B$30)-sumifs(Data!Q:Q,Data!Q:Q,"<>",Data!$A:$A,$A3,Data!$D:$D,$B$30))/(sumifs(Data!$D:$D,Data!Q:Q,"<>",Data!$A:$A,$A3,Data!$D:$D,$B$30)-countifs(Data!Q:Q,"<>",Data!$A:$A,$A3,Data!$D:$D,$B$30))) | P3: =if(COUNTIFS(Data!R:R,"<>",Data!$A:$A,$A3,Data!$D:$D,$B$30)<$B$31,"",(sumifs(Data!$D:$D,Data!R:R,"<>",Data!$A:$A,$A3,Data!$D:$D,$B$30)-sumifs(Data!R:R,Data!R:R,"<>",Data!$A:$A,$A3,Data!$D:$D,$B$30))/(sumifs(Data!$D:$D,Data!R:R,"<>",Data!$A:$A,$A3,Data!$D:$D,$B$30)-countifs(Data!R:R,"<>",Data!$A:$A,$A3,Data!$D:$D,$B$30))) | Q3: =if(COUNTIFS(Data!S:S,"<>",Data!$A:$A,$A3,Data!$D:$D,$B$30)<$B$31,"",(sumifs(Data!$D:$D,Data!S:S,"<>",Data!$A:$A,$A3,Data!$D:$D,$B$30)-sumifs(Data!S:S,Data!S:S,"<>",Data!$A:$A,$A3,Data!$D:$D,$B$30))/(sumifs(Data!$D:$D,Data!S:S,"<>",Data!$A:$A,$A3,Data!$D:$D,$B$30)-countifs(Data!S:S,"<>",Data!$A:$A,$A3,Data!$D:$D,$B$30))) | R3: =if(COUNTIFS(Data!T:T,"<>",Data!$A:$A,$A3,Data!$D:$D,$B$30)<$B$31,"",(sumifs(Data!$D:$D,Data!T:T,"<>",Data!$A:$A,$A3,Data!$D:$D,$B$30)-sumifs(Data!T:T,Data!T:T,"<>",Data!$A:$A,$A3,Data!$D:$D,$B$30))/(sumifs(Data!$D:$D,Data!T:T,"<>",Data!$A:$A,$A3,Data!$D:$D,$B$30)-countifs(Data!T:T,"<>",Data!$A:$A,$A3,Data!$D:$D,$B$30))) | S3: =if(COUNTIFS(Data!U:U,"<>",Data!$A:$A,$A3,Data!$D:$D,$B$30)<$B$31,"",(sumifs(Data!$D:$D,Data!U:U,"<>",Data!$A:$A,$A3,Data!$D:$D,$B$30)-sumifs(Data!U:U,Data!U:U,"<>",Data!$A:$A,$A3,Data!$D:$D,$B$30))/(sumifs(Data!$D:$D,Data!U:U,"<>",Data!$A:$A,$A3,Data!$D:$D,$B$30)-countifs(Data!U:U,"<>",Data!$A:$A,$A3,Data!$D:$D,$B$30))) | T3: =if(COUNTIFS(Data!V:V,"<>",Data!$A:$A,$A3,Data!$D:$D,$B$30)<$B$31,"",(sumifs(Data!$D:$D,Data!V:V,"<>",Data!$A:$A,$A3,Data!$D:$D,$B$30)-sumifs(Data!V:V,Data!V:V,"<>",Data!$A:$A,$A3,Data!$D:$D,$B$30))/(sumifs(Data!$D:$D,Data!V:V,"<>",Data!$A:$A,$A3,Data!$D:$D,$B$30)-countifs(Data!V:V,"<>",Data!$A:$A,$A3,Data!$D:$D,$B$30)))
A4: King of New York | B4: =countif(Data!A:A,"="&A4) -> 57 | C4: =if(COUNTIFS(Data!E:E,"<>",Data!$A:$A,$A4,Data!$D:$D,$B$30)<$B$31,"",(sumifs(Data!$D:$D,Data!E:E,"<>",Data!$A:$A,$A4,Data!$D:$D,$B$30)-sumifs(Data!E:E,Data!E:E,"<>",Data!$A:$A,$A4,Data!$D:$D,$B$30))/(sumifs(Data!$D:$D,Data!E:E,"<>",Data!$A:$A,$A4,Data!$D:$D,$B$30)-countifs(Data!E:E,"<>",Data!$A:$A,$A4,Data!$D:$D,$B$30))) -> 0.5 | D4: =if(COUNTIFS(Data!F:F,"<>",Data!$A:$A,$A4,Data!$D:$D,$B$30)<$B$31,"",(sumifs(Data!$D:$D,Data!F:F,"<>",Data!$A:$A,$A4,Data!$D:$D,$B$30)-sumifs(Data!F:F,Data!F:F,"<>",Data!$A:$A,$A4,Data!$D:$D,$B$30))/(sumifs(Data!$D:$D,Data!F:F,"<>",Data!$A:$A,$A4,Data!$D:$D,$B$30)-countifs(Data!F:F,"<>",Data!$A:$A,$A4,Data!$D:$D,$B$30))) -> 0.53191489 | E4: =if(COUNTIFS(Data!G:G,"<>",Data!$A:$A,$A4,Data!$D:$D,$B$30)<$B$31,"",(sumifs(Data!$D:$D,Data!G:G,"<>",Data!$A:$A,$A4,Data!$D:$D,$B$30)-sumifs(Data!G:G,Data!G:G,"<>",Data!$A:$A,$A4,Data!$D:$D,$B$30))/(sumifs(Data!$D:$D,Data!G:G,"<>",Data!$A:$A,$A4,Data!$D:$D,$B$30)-countifs(Data!G:G,"<>",Data!$A:$A,$A4,Data!$D:$D,$B$30))) | F4: =if(COUNTIFS(Data!H:H,"<>",Data!$A:$A,$A4,Data!$D:$D,$B$30)<$B$31,"",(sumifs(Data!$D:$D,Data!H:H,"<>",Data!$A:$A,$A4,Data!$D:$D,$B$30)-sumifs(Data!H:H,Data!H:H,"<>",Data!$A:$A,$A4,Data!$D:$D,$B$30))/(sumifs(Data!$D:$D,Data!H:H,"<>",Data!$A:$A,$A4,Data!$D:$D,$B$30)-countifs(Data!H:H,"<>",Data!$A:$A,$A4,Data!$D:$D,$B$30))) -> 0.46875 | G4: =if(COUNTIFS(Data!I:I,"<>",Data!$A:$A,$A4,Data!$D:$D,$B$30)<$B$31,"",(sumifs(Data!$D:$D,Data!I:I,"<>",Data!$A:$A,$A4,Data!$D:$D,$B$30)-sumifs(Data!I:I,Data!I:I,"<>",Data!$A:$A,$A4,Data!$D:$D,$B$30))/(sumifs(Data!$D:$D,Data!I:I,"<>",Data!$A:$A,$A4,Data!$D:$D,$B$30)-countifs(Data!I:I,"<>",Data!$A:$A,$A4,Data!$D:$D,$B$30))) | H4: =if(COUNTIFS(Data!J:J,"<>",Data!$A:$A,$A4,Data!$D:$D,$B$30)<$B$31,"",(sumifs(Data!$D:$D,Data!J:J,"<>",Data!$A:$A,$A4,Data!$D:$D,$B$30)-sumifs(Data!J:J,Data!J:J,"<>",Data!$A:$A,$A4,Data!$D:$D,$B$30))/(sumifs(Data!$D:$D,Data!J:J,"<>",Data!$A:$A,$A4,Data!$D:$D,$B$30)-countifs(Data!J:J,"<>",Data!$A:$A,$A4,Data!$D:$D,$B$30))) | I4: =if(COUNTIFS(Data!K:K,"<>",Data!$A:$A,$A4,Data!$D:$D,$B$30)<$B$31,"",(sumifs(Data!$D:$D,Data!K:K,"<>",Data!$A:$A,$A4,Data!$D:$D,$B$30)-sumifs(Data!K:K,Data!K:K,"<>",Data!$A:$A,$A4,Data!$D:$D,$B$30))/(sumifs(Data!$D:$D,Data!K:K,"<>",Data!$A:$A,$A4,Data!$D:$D,$B$30)-countifs(Data!K:K,"<>",Data!$A:$A,$A4,Data!$D:$D,$B$30))) | J4: =if(COUNTIFS(Data!L:L,"<>",Data!$A:$A,$A4,Data!$D:$D,$B$30)<$B$31,"",(sumifs(Data!$D:$D,Data!L:L,"<>",Data!$A:$A,$A4,Data!$D:$D,$B$30)-sumifs(Data!L:L,Data!L:L,"<>",Data!$A:$A,$A4,Data!$D:$D,$B$30))/(sumifs(Data!$D:$D,Data!L:L,"<>",Data!$A:$A,$A4,Data!$D:$D,$B$30)-countifs(Data!L:L,"<>",Data!$A:$A,$A4,Data!$D:$D,$B$30))) | K4: =if(COUNTIFS(Data!M:M,"<>",Data!$A:$A,$A4,Data!$D:$D,$B$30)<$B$31,"",(sumifs(Data!$D:$D,Data!M:M,"<>",Data!$A:$A,$A4,Data!$D:$D,$B$30)-sumifs(Data!M:M,Data!M:M,"<>",Data!$A:$A,$A4,Data!$D:$D,$B$30))/(sumifs(Data!$D:$D,Data!M:M,"<>",Data!$A:$A,$A4,Data!$D:$D,$B$30)-countifs(Data!M:M,"<>",Data!$A:$A,$A4,Data!$D:$D,$B$30))) | L4: =if(COUNTIFS(Data!N:N,"<>",Data!$A:$A,$A4,Data!$D:$D,$B$30)<$B$31,"",(sumifs(Data!$D:$D,Data!N:N,"<>",Data!$A:$A,$A4,Data!$D:$D,$B$30)-sumifs(Data!N:N,Data!N:N,"<>",Data!$A:$A,$A4,Data!$D:$D,$B$30))/(sumifs(Data!$D:$D,Data!N:N,"<>",Data!$A:$A,$A4,Data!$D:$D,$B$30)-countifs(Data!N:N,"<>",Data!$A:$A,$A4,Data!$D:$D,$B$30))) | M4: =if(COUNTIFS(Data!O:O,"<>",Data!$A:$A,$A4,Data!$D:$D,$B$30)<$B$31,"",(sumifs(Data!$D:$D,Data!O:O,"<>",Data!$A:$A,$A4,Data!$D:$D,$B$30)-sumifs(Data!O:O,Data!O:O,"<>",Data!$A:$A,$A4,Data!$D:$D,$B$30))/(sumifs(Data!$D:$D,Data!O:O,"<>",Data!$A:$A,$A4,Data!$D:$D,$B$30)-countifs(Data!O:O,"<>",Data!$A:$A,$A4,Data!$D:$D,$B$30))) | N4: =if(COUNTIFS(Data!P:P,"<>",Data!$A:$A,$A4,Data!$D:$D,$B$30)<$B$31,"",(sumifs(Data!$D:$D,Data!P:P,"<>",Data!$A:$A,$A4,Data!$D:$D,$B$30)-sumifs(Data!P:P,Data!P:P,"<>",Data!$A:$A,$A4,Data!$D:$D,$B$30))/(sumifs(Data!$D:$D,Data!P:P,"<>",Data!$A:$A,$A4,Data!$D:$D,$B$30)-countifs(Data!P:P,"<>",Data!$A:$A,$A4,Data!$D:$D,$B$30))) | O4: =if(COUNTIFS(Data!Q:Q,"<>",Data!$A:$A,$A4,Data!$D:$D,$B$30)<$B$31,"",(sumifs(Data!$D:$D,Data!Q:Q,"<>",Data!$A:$A,$A4,Data!$D:$D,$B$30)-sumifs(Data!Q:Q,Data!Q:Q,"<>",Data!$A:$A,$A4,Data!$D:$D,$B$30))/(sumifs(Data!$D:$D,Data!Q:Q,"<>",Data!$A:$A,$A4,Data!$D:$D,$B$30)-countifs(Data!Q:Q,"<>",Data!$A:$A,$A4,Data!$D:$D,$B$30))) | P4: =if(COUNTIFS(Data!R:R,"<>",Data!$A:$A,$A4,Data!$D:$D,$B$30)<$B$31,"",(sumifs(Data!$D:$D,Data!R:R,"<>",Data!$A:$A,$A4,Data!$D:$D,$B$30)-sumifs(Data!R:R,Data!R:R,"<>",Data!$A:$A,$A4,Data!$D:$D,$B$30))/(sumifs(Data!$D:$D,Data!R:R,"<>",Data!$A:$A,$A4,Data!$D:$D,$B$30)-countifs(Data!R:R,"<>",Data!$A:$A,$A4,Data!$D:$D,$B$30))) | Q4: =if(COUNTIFS(Data!S:S,"<>",Data!$A:$A,$A4,Data!$D:$D,$B$30)<$B$31,"",(sumifs(Data!$D:$D,Data!S:S,"<>",Data!$A:$A,$A4,Data!$D:$D,$B$30)-sumifs(Data!S:S,Data!S:S,"<>",Data!$A:$A,$A4,Data!$D:$D,$B$30))/(sumifs(Data!$D:$D,Data!S:S,"<>",Data!$A:$A,$A4,Data!$D:$D,$B$30)-countifs(Data!S:S,"<>",Data!$A:$A,$A4,Data!$D:$D,$B$30))) | R4: =if(COUNTIFS(Data!T:T,"<>",Data!$A:$A,$A4,Data!$D:$D,$B$30)<$B$31,"",(sumifs(Data!$D:$D,Data!T:T,"<>",Data!$A:$A,$A4,Data!$D:$D,$B$30)-sumifs(Data!T:T,Data!T:T,"<>",Data!$A:$A,$A4,Data!$D:$D,$B$30))/(sumifs(Data!$D:$D,Data!T:T,"<>",Data!$A:$A,$A4,Data!$D:$D,$B$30)-countifs(Data!T:T,"<>",Data!$A:$A,$A4,Data!$D:$D,$B$30))) | S4: =if(COUNTIFS(Data!U:U,"<>",Data!$A:$A,$A4,Data!$D:$D,$B$30)<$B$31,"",(sumifs(Data!$D:$D,Data!U:U,"<>",Data!$A:$A,$A4,Data!$D:$D,$B$30)-sumifs(Data!U:U,Data!U:U,"<>",Data!$A:$A,$A4,Data!$D:$D,$B$30))/(sumifs(Data!$D:$D,Data!U:U,"<>",Data!$A:$A,$A4,Data!$D:$D,$B$30)-countifs(Data!U:U,"<>",Data!$A:$A,$A4,Data!$D:$D,$B$30))) | T4: =if(COUNTIFS(Data!V:V,"<>",Data!$A:$A,$A4,Data!$D:$D,$B$30)<$B$31,"",(sumifs(Data!$D:$D,Data!V:V,"<>",Data!$A:$A,$A4,Data!$D:$D,$B$30)-sumifs(Data!V:V,Data!V:V,"<>",Data!$A:$A,$A4,Data!$D:$D,$B$30))/(sumifs(Data!$D:$D,Data!V:V,"<>",Data!$A:$A,$A4,Data!$D:$D,$B$30)-countifs(Data!V:V,"<>",Data!$A:$A,$A4,Data!$D:$D,$B$30)))
A5: King of Tokyo | B5: =countif(Data!A:A,"="&A5) -> 17 | C5: =if(COUNTIFS(Data!E:E,"<>",Data!$A:$A,$A5,Data!$D:$D,$B$30)<$B$31,"",(sumifs(Data!$D:$D,Data!E:E,"<>",Data!$A:$A,$A5,Data!$D:$D,$B$30)-sumifs(Data!E:E,Data!E:E,"<>",Data!$A:$A,$A5,Data!$D:$D,$B$30))/(sumifs(Data!$D:$D,Data!E:E,"<>",Data!$A:$A,$A5,Data!$D:$D,$B$30)-countifs(Data!E:E,"<>",Data!$A:$A,$A5,Data!$D:$D,$B$30))) -> 0.38461538 | D5: =if(COUNTIFS(Data!F:F,"<>",Data!$A:$A,$A5,Data!$D:$D,$B$30)<$B$31,"",(sumifs(Data!$D:$D,Data!F:F,"<>",Data!$A:$A,$A5,Data!$D:$D,$B$30)-sumifs(Data!F:F,Data!F:F,"<>",Data!$A:$A,$A5,Data!$D:$D,$B$30))/(sumifs(Data!$D:$D,Data!F:F,"<>",Data!$A:$A,$A5,Data!$D:$D,$B$30)-countifs(Data!F:F,"<>",Data!$A:$A,$A5,Data!$D:$D,$B$30))) -> 0.57692308 | E5: =if(COUNTIFS(Data!G:G,"<>",Data!$A:$A,$A5,Data!$D:$D,$B$30)<$B$31,"",(sumifs(Data!$D:$D,Data!G:G,"<>",Data!$A:$A,$A5,Data!$D:$D,$B$30)-sumifs(Data!G:G,Data!G:G,"<>",Data!$A:$A,$A5,Data!$D:$D,$B$30))/(sumifs(Data!$D:$D,Data!G:G,"<>",Data!$A:$A,$A5,Data!$D:$D,$B$30)-countifs(Data!G:G,"<>",Data!$A:$A,$A5,Data!$D:$D,$B$30))) | F5: =if(COUNTIFS(Data!H:H,"<>",Data!$A:$A,$A5,Data!$D:$D,$B$30)<$B$31,"",(sumifs(Data!$D:$D,Data!H:H,"<>",Data!$A:$A,$A5,Data!$D:$D,$B$30)-sumifs(Data!H:H,Data!H:H,"<>",Data!$A:$A,$A5,Data!$D:$D,$B$30))/(sumifs(Data!$D:$D,Data!H:H,"<>",Data!$A:$A,$A5,Data!$D:$D,$B$30)-countifs(Data!H:H,"<>",Data!$A:$A,$A5,Data!$D:$D,$B$30))) | G5: =if(COUNTIFS(Data!I:I,"<>",Data!$A:$A,$A5,Data!$D:$D,$B$30)<$B$31,"",(sumifs(Data!$D:$D,Data!I:I,"<>",Data!$A:$A,$A5,Data!$D:$D,$B$30)-sumifs(Data!I:I,Data!I:I,"<>",Data!$A:$A,$A5,Data!$D:$D,$B$30))/(sumifs(Data!$D:$D,Data!I:I,"<>",Data!$A:$A,$A5,Data!$D:$D,$B$30)-countifs(Data!I:I,"<>",Data!$A:$A,$A5,Data!$D:$D,$B$30))) | H5: =if(COUNTIFS(Data!J:J,"<>",Data!$A:$A,$A5,Data!$D:$D,$B$30)<$B$31,"",(sumifs(Data!$D:$D,Data!J:J,"<>",Data!$A:$A,$A5,Data!$D:$D,$B$30)-sumifs(Data!J:J,Data!J:J,"<>",Data!$A:$A,$A5,Data!$D:$D,$B$30))/(sumifs(Data!$D:$D,Data!J:J,"<>",Data!$A:$A,$A5,Data!$D:$D,$B$30)-countifs(Data!J:J,"<>",Data!$A:$A,$A5,Data!$D:$D,$B$30))) | I5: =if(COUNTIFS(Data!K:K,"<>",Data!$A:$A,$A5,Data!$D:$D,$B$30)<$B$31,"",(sumifs(Data!$D:$D,Data!K:K,"<>",Data!$A:$A,$A5,Data!$D:$D,$B$30)-sumifs(Data!K:K,Data!K:K,"<>",Data!$A:$A,$A5,Data!$D:$D,$B$30))/(sumifs(Data!$D:$D,Data!K:K,"<>",Data!$A:$A,$A5,Data!$D:$D,$B$30)-countifs(Data!K:K,"<>",Data!$A:$A,$A5,Data!$D:$D,$B$30))) | J5: =if(COUNTIFS(Data!L:L,"<>",Data!$A:$A,$A5,Data!$D:$D,$B$30)<$B$31,"",(sumifs(Data!$D:$D,Data!L:L,"<>",Data!$A:$A,$A5,Data!$D:$D,$B$30)-sumifs(Data!L:L,Data!L:L,"<>",Data!$A:$A,$A5,Data!$D:$D,$B$30))/(sumifs(Data!$D:$D,Data!L:L,"<>",Data!$A:$A,$A5,Data!$D:$D,$B$30)-countifs(Data!L:L,"<>",Data!$A:$A,$A5,Data!$D:$D,$B$30))) | K5: =if(COUNTIFS(Data!M:M,"<>",Data!$A:$A,$A5,Data!$D:$D,$B$30)<$B$31,"",(sumifs(Data!$D:$D,Data!M:M,"<>",Data!$A:$A,$A5,Data!$D:$D,$B$30)-sumifs(Data!M:M,Data!M:M,"<>",Data!$A:$A,$A5,Data!$D:$D,$B$30))/(sumifs(Data!$D:$D,Data!M:M,"<>",Data!$A:$A,$A5,Data!$D:$D,$B$30)-countifs(Data!M:M,"<>",Data!$A:$A,$A5,Data!$D:$D,$B$30))) | L5: =if(COUNTIFS(Data!N:N,"<>",Data!$A:$A,$A5,Data!$D:$D,$B$30)<$B$31,"",(sumifs(Data!$D:$D,Data!N:N,"<>",Data!$A:$A,$A5,Data!$D:$D,$B$30)-sumifs(Data!N:N,Data!N:N,"<>",Data!$A:$A,$A5,Data!$D:$D,$B$30))/(sumifs(Data!$D:$D,Data!N:N,"<>",Data!$A:$A,$A5,Data!$D:$D,$B$30)-countifs(Data!N:N,"<>",Data!$A:$A,$A5,Data!$D:$D,$B$30))) | M5: =if(COUNTIFS(Data!O:O,"<>",Data!$A:$A,$A5,Data!$D:$D,$B$30)<$B$31,"",(sumifs(Data!$D:$D,Data!O:O,"<>",Data!$A:$A,$A5,Data!$D:$D,$B$30)-sumifs(Data!O:O,Data!O:O,"<>",Data!$A:$A,$A5,Data!$D:$D,$B$30))/(sumifs(Data!$D:$D,Data!O:O,"<>",Data!$A:$A,$A5,Data!$D:$D,$B$30)-countifs(Data!O:O,"<>",Data!$A:$A,$A5,Data!$D:$D,$B$30))) | N5: =if(COUNTIFS(Data!P:P,"<>",Data!$A:$A,$A5,Data!$D:$D,$B$30)<$B$31,"",(sumifs(Data!$D:$D,Data!P:P,"<>",Data!$A:$A,$A5,Data!$D:$D,$B$30)-sumifs(Data!P:P,Data!P:P,"<>",Data!$A:$A,$A5,Data!$D:$D,$B$30))/(sumifs(Data!$D:$D,Data!P:P,"<>",Data!$A:$A,$A5,Data!$D:$D,$B$30)-countifs(Data!P:P,"<>",Data!$A:$A,$A5,Data!$D:$D,$B$30))) | O5: =if(COUNTIFS(Data!Q:Q,"<>",Data!$A:$A,$A5,Data!$D:$D,$B$30)<$B$31,"",(sumifs(Data!$D:$D,Data!Q:Q,"<>",Data!$A:$A,$A5,Data!$D:$D,$B$30)-sumifs(Data!Q:Q,Data!Q:Q,"<>",Data!$A:$A,$A5,Data!$D:$D,$B$30))/(sumifs(Data!$D:$D,Data!Q:Q,"<>",Data!$A:$A,$A5,Data!$D:$D,$B$30)-countifs(Data!Q:Q,"<>",Data!$A:$A,$A5,Data!$D:$D,$B$30))) | P5: =if(COUNTIFS(Data!R:R,"<>",Data!$A:$A,$A5,Data!$D:$D,$B$30)<$B$31,"",(sumifs(Data!$D:$D,Data!R:R,"<>",Data!$A:$A,$A5,Data!$D:$D,$B$30)-sumifs(Data!R:R,Data!R:R,"<>",Data!$A:$A,$A5,Data!$D:$D,$B$30))/(sumifs(Data!$D:$D,Data!R:R,"<>",Data!$A:$A,$A5,Data!$D:$D,$B$30)-countifs(Data!R:R,"<>",Data!$A:$A,$A5,Data!$D:$D,$B$30))) | Q5: =if(COUNTIFS(Data!S:S,"<>",Data!$A:$A,$A5,Data!$D:$D,$B$30)<$B$31,"",(sumifs(Data!$D:$D,Data!S:S,"<>",Data!$A:$A,$A5,Data!$D:$D,$B$30)-sumifs(Data!S:S,Data!S:S,"<>",Data!$A:$A,$A5,Data!$D:$D,$B$30))/(sumifs(Data!$D:$D,Data!S:S,"<>",Data!$A:$A,$A5,Data!$D:$D,$B$30)-countifs(Data!S:S,"<>",Data!$A:$A,$A5,Data!$D:$D,$B$30))) | R5: =if(COUNTIFS(Data!T:T,"<>",Data!$A:$A,$A5,Data!$D:$D,$B$30)<$B$31,"",(sumifs(Data!$D:$D,Data!T:T,"<>",Data!$A:$A,$A5,Data!$D:$D,$B$30)-sumifs(Data!T:T,Data!T:T,"<>",Data!$A:$A,$A5,Data!$D:$D,$B$30))/(sumifs(Data!$D:$D,Data!T:T,"<>",Data!$A:$A,$A5,Data!$D:$D,$B$30)-countifs(Data!T:T,"<>",Data!$A:$A,$A5,Data!$D:$D,$B$30))) | S5: =if(COUNTIFS(Data!U:U,"<>",Data!$A:$A,$A5,Data!$D:$D,$B$30)<$B$31,"",(sumifs(Data!$D:$D,Data!U:U,"<>",Data!$A:$A,$A5,Data!$D:$D,$B$30)-sumifs(Data!U:U,Data!U:U,"<>",Data!$A:$A,$A5,Data!$D:$D,$B$30))/(sumifs(Data!$D:$D,Data!U:U,"<>",Data!$A:$A,$A5,Data!$D:$D,$B$30)-countifs(Data!U:U,"<>",Data!$A:$A,$A5,Data!$D:$D,$B$30))) | T5: =if(COUNTIFS(Data!V:V,"<>",Data!$A:$A,$A5,Data!$D:$D,$B$30)<$B$31,"",(sumifs(Data!$D:$D,Data!V:V,"<>",Data!$A:$A,$A5,Data!$D:$D,$B$30)-sumifs(Data!V:V,Data!V:V,"<>",Data!$A:$A,$A5,Data!$D:$D,$B$30))/(sumifs(Data!$D:$D,Data!V:V,"<>",Data!$A:$A,$A5,Data!$D:$D,$B$30)-countifs(Data!V:V,"<>",Data!$A:$A,$A5,Data!$D:$D,$B$30)))
A6: Monopoly | B6: =countif(Data!A:A,"="&A6) -> 269 | C6: =if(COUNTIFS(Data!E:E,"<>",Data!$A:$A,$A6,Data!$D:$D,$B$30)<$B$31,"",(sumifs(Data!$D:$D,Data!E:E,"<>",Data!$A:$A,$A6,Data!$D:$D,$B$30)-sumifs(Data!E:E,Data!E:E,"<>",Data!$A:$A,$A6,Data!$D:$D,$B$30))/(sumifs(Data!$D:$D,Data!E:E,"<>",Data!$A:$A,$A6,Data!$D:$D,$B$30)-countifs(Data!E:E,"<>",Data!$A:$A,$A6,Data!$D:$D,$B$30))) -> 0.48478261 | D6: =if(COUNTIFS(Data!F:F,"<>",Data!$A:$A,$A6,Data!$D:$D,$B$30)<$B$31,"",(sumifs(Data!$D:$D,Data!F:F,"<>",Data!$A:$A,$A6,Data!$D:$D,$B$30)-sumifs(Data!F:F,Data!F:F,"<>",Data!$A:$A,$A6,Data!$D:$D,$B$30))/(sumifs(Data!$D:$D,Data!F:F,"<>",Data!$A:$A,$A6,Data!$D:$D,$B$30)-countifs(Data!F:F,"<>",Data!$A:$A,$A6,Data!$D:$D,$B$30))) -> 0.48695652 | E6: =if(COUNTIFS(Data!G:G,"<>",Data!$A:$A,$A6,Data!$D:$D,$B$30)<$B$31,"",(sumifs(Data!$D:$D,Data!G:G,"<>",Data!$A:$A,$A6,Data!$D:$D,$B$30)-sumifs(Data!G:G,Data!G:G,"<>",Data!$A:$A,$A6,Data!$D:$D,$B$30))/(sumifs(Data!$D:$D,Data!G:G,"<>",Data!$A:$A,$A6,Data!$D:$D,$B$30)-countifs(Data!G:G,"<>",Data!$A:$A,$A6,Data!$D:$D,$B$30))) -> 0.50655022 | F6: =if(COUNTIFS(Data!H:H,"<>",Data!$A:$A,$A6,Data!$D:$D,$B$30)<$B$31,"",(sumifs(Data!$D:$D,Data!H:H,"<>",Data!$A:$A,$A6,Data!$D:$D,$B$30)-sumifs(Data!H:H,Data!H:H,"<>",Data!$A:$A,$A6,Data!$D:$D,$B$30))/(sumifs(Data!$D:$D,Data!H:H,"<>",Data!$A:$A,$A6,Data!$D:$D,$B$30)-countifs(Data!H:H,"<>",Data!$A:$A,$A6,Data!$D:$D,$B$30))) | G6: =if(COUNTIFS(Data!I:I,"<>",Data!$A:$A,$A6,Data!$D:$D,$B$30)<$B$31,"",(sumifs(Data!$D:$D,Data!I:I,"<>",Data!$A:$A,$A6,Data!$D:$D,$B$30)-sumifs(Data!I:I,Data!I:I,"<>",Data!$A:$A,$A6,Data!$D:$D,$B$30))/(sumifs(Data!$D:$D,Data!I:I,"<>",Data!$A:$A,$A6,Data!$D:$D,$B$30)-countifs(Data!I:I,"<>",Data!$A:$A,$A6,Data!$D:$D,$B$30))) | H6: =if(COUNTIFS(Data!J:J,"<>",Data!$A:$A,$A6,Data!$D:$D,$B$30)<$B$31,"",(sumifs(Data!$D:$D,Data!J:J,"<>",Data!$A:$A,$A6,Data!$D:$D,$B$30)-sumifs(Data!J:J,Data!J:J,"<>",Data!$A:$A,$A6,Data!$D:$D,$B$30))/(sumifs(Data!$D:$D,Data!J:J,"<>",Data!$A:$A,$A6,Data!$D:$D,$B$30)-countifs(Data!J:J,"<>",Data!$A:$A,$A6,Data!$D:$D,$B$30))) | I6: =if(COUNTIFS(Data!K:K,"<>",Data!$A:$A,$A6,Data!$D:$D,$B$30)<$B$31,"",(sumifs(Data!$D:$D,Data!K:K,"<>",Data!$A:$A,$A6,Data!$D:$D,$B$30)-sumifs(Data!K:K,Data!K:K,"<>",Data!$A:$A,$A6,Data!$D:$D,$B$30))/(sumifs(Data!$D:$D,Data!K:K,"<>",Data!$A:$A,$A6,Data!$D:$D,$B$30)-countifs(Data!K:K,"<>",Data!$A:$A,$A6,Data!$D:$D,$B$30))) | J6: =if(COUNTIFS(Data!L:L,"<>",Data!$A:$A,$A6,Data!$D:$D,$B$30)<$B$31,"",(sumifs(Data!$D:$D,Data!L:L,"<>",Data!$A:$A,$A6,Data!$D:$D,$B$30)-sumifs(Data!L:L,Data!L:L,"<>",Data!$A:$A,$A6,Data!$D:$D,$B$30))/(sumifs(Data!$D:$D,Data!L:L,"<>",Data!$A:$A,$A6,Data!$D:$D,$B$30)-countifs(Data!L:L,"<>",Data!$A:$A,$A6,Data!$D:$D,$B$30))) | K6: =if(COUNTIFS(Data!M:M,"<>",Data!$A:$A,$A6,Data!$D:$D,$B$30)<$B$31,"",(sumifs(Data!$D:$D,Data!M:M,"<>",Data!$A:$A,$A6,Data!$D:$D,$B$30)-sumifs(Data!M:M,Data!M:M,"<>",Data!$A:$A,$A6,Data!$D:$D,$B$30))/(sumifs(Data!$D:$D,Data!M:M,"<>",Data!$A:$A,$A6,Data!$D:$D,$B$30)-countifs(Data!M:M,"<>",Data!$A:$A,$A6,Data!$D:$D,$B$30))) | L6: =if(COUNTIFS(Data!N:N,"<>",Data!$A:$A,$A6,Data!$D:$D,$B$30)<$B$31,"",(sumifs(Data!$D:$D,Data!N:N,"<>",Data!$A:$A,$A6,Data!$D:$D,$B$30)-sumifs(Data!N:N,Data!N:N,"<>",Data!$A:$A,$A6,Data!$D:$D,$B$30))/(sumifs(Data!$D:$D,Data!N:N,"<>",Data!$A:$A,$A6,Data!$D:$D,$B$30)-countifs(Data!N:N,"<>",Data!$A:$A,$A6,Data!$D:$D,$B$30))) | M6: =if(COUNTIFS(Data!O:O,"<>",Data!$A:$A,$A6,Data!$D:$D,$B$30)<$B$31,"",(sumifs(Data!$D:$D,Data!O:O,"<>",Data!$A:$A,$A6,Data!$D:$D,$B$30)-sumifs(Data!O:O,Data!O:O,"<>",Data!$A:$A,$A6,Data!$D:$D,$B$30))/(sumifs(Data!$D:$D,Data!O:O,"<>",Data!$A:$A,$A6,Data!$D:$D,$B$30)-countifs(Data!O:O,"<>",Data!$A:$A,$A6,Data!$D:$D,$B$30))) | N6: =if(COUNTIFS(Data!P:P,"<>",Data!$A:$A,$A6,Data!$D:$D,$B$30)<$B$31,"",(sumifs(Data!$D:$D,Data!P:P,"<>",Data!$A:$A,$A6,Data!$D:$D,$B$30)-sumifs(Data!P:P,Data!P:P,"<>",Data!$A:$A,$A6,Data!$D:$D,$B$30))/(sumifs(Data!$D:$D,Data!P:P,"<>",Data!$A:$A,$A6,Data!$D:$D,$B$30)-countifs(Data!P:P,"<>",Data!$A:$A,$A6,Data!$D:$D,$B$30))) | O6: =if(COUNTIFS(Data!Q:Q,"<>",Data!$A:$A,$A6,Data!$D:$D,$B$30)<$B$31,"",(sumifs(Data!$D:$D,Data!Q:Q,"<>",Data!$A:$A,$A6,Data!$D:$D,$B$30)-sumifs(Data!Q:Q,Data!Q:Q,"<>",Data!$A:$A,$A6,Data!$D:$D,$B$30))/(sumifs(Data!$D:$D,Data!Q:Q,"<>",Data!$A:$A,$A6,Data!$D:$D,$B$30)-countifs(Data!Q:Q,"<>",Data!$A:$A,$A6,Data!$D:$D,$B$30))) | P6: =if(COUNTIFS(Data!R:R,"<>",Data!$A:$A,$A6,Data!$D:$D,$B$30)<$B$31,"",(sumifs(Data!$D:$D,Data!R:R,"<>",Data!$A:$A,$A6,Data!$D:$D,$B$30)-sumifs(Data!R:R,Data!R:R,"<>",Data!$A:$A,$A6,Data!$D:$D,$B$30))/(sumifs(Data!$D:$D,Data!R:R,"<>",Data!$A:$A,$A6,Data!$D:$D,$B$30)-countifs(Data!R:R,"<>",Data!$A:$A,$A6,Data!$D:$D,$B$30))) | Q6: =if(COUNTIFS(Data!S:S,"<>",Data!$A:$A,$A6,Data!$D:$D,$B$30)<$B$31,"",(sumifs(Data!$D:$D,Data!S:S,"<>",Data!$A:$A,$A6,Data!$D:$D,$B$30)-sumifs(Data!S:S,Data!S:S,"<>",Data!$A:$A,$A6,Data!$D:$D,$B$30))/(sumifs(Data!$D:$D,Data!S:S,"<>",Data!$A:$A,$A6,Data!$D:$D,$B$30)-countifs(Data!S:S,"<>",Data!$A:$A,$A6,Data!$D:$D,$B$30))) | R6: =if(COUNTIFS(Data!T:T,"<>",Data!$A:$A,$A6,Data!$D:$D,$B$30)<$B$31,"",(sumifs(Data!$D:$D,Data!T:T,"<>",Data!$A:$A,$A6,Data!$D:$D,$B$30)-sumifs(Data!T:T,Data!T:T,"<>",Data!$A:$A,$A6,Data!$D:$D,$B$30))/(sumifs(Data!$D:$D,Data!T:T,"<>",Data!$A:$A,$A6,Data!$D:$D,$B$30)-countifs(Data!T:T,"<>",Data!$A:$A,$A6,Data!$D:$D,$B$30))) | S6: =if(COUNTIFS(Data!U:U,"<>",Data!$A:$A,$A6,Data!$D:$D,$B$30)<$B$31,"",(sumifs(Data!$D:$D,Data!U:U,"<>",Data!$A:$A,$A6,Data!$D:$D,$B$30)-sumifs(Data!U:U,Data!U:U,"<>",Data!$A:$A,$A6,Data!$D:$D,$B$30))/(sumifs(Data!$D:$D,Data!U:U,"<>",Data!$A:$A,$A6,Data!$D:$D,$B$30)-countifs(Data!U:U,"<>",Data!$A:$A,$A6,Data!$D:$D,$B$30))) | T6: =if(COUNTIFS(Data!V:V,"<>",Data!$A:$A,$A6,Data!$D:$D,$B$30)<$B$31,"",(sumifs(Data!$D:$D,Data!V:V,"<>",Data!$A:$A,$A6,Data!$D:$D,$B$30)-sumifs(Data!V:V,Data!V:V,"<>",Data!$A:$A,$A6,Data!$D:$D,$B$30))/(sumifs(Data!$D:$D,Data!V:V,"<>",Data!$A:$A,$A6,Data!$D:$D,$B$30)-countifs(Data!V:V,"<>",Data!$A:$A,$A6,Data!$D:$D,$B$30)))
A7: Sheriff of Nottingham | B7: =countif(Data!A:A,"="&A7) -> 7 | C7: =if(COUNTIFS(Data!E:E,"<>",Data!$A:$A,$A7,Data!$D:$D,$B$30)<$B$31,"",(sumifs(Data!$D:$D,Data!E:E,"<>",Data!$A:$A,$A7,Data!$D:$D,$B$30)-sumifs(Data!E:E,Data!E:E,"<>",Data!$A:$A,$A7,Data!$D:$D,$B$30))/(sumifs(Data!$D:$D,Data!E:E,"<>",Data!$A:$A,$A7,Data!$D:$D,$B$30)-countifs(Data!E:E,"<>",Data!$A:$A,$A7,Data!$D:$D,$B$30))) | D7: =if(COUNTIFS(Data!F:F,"<>",Data!$A:$A,$A7,Data!$D:$D,$B$30)<$B$31,"",(sumifs(Data!$D:$D,Data!F:F,"<>",Data!$A:$A,$A7,Data!$D:$D,$B$30)-sumifs(Data!F:F,Data!F:F,"<>",Data!$A:$A,$A7,Data!$D:$D,$B$30))/(sumifs(Data!$D:$D,Data!F:F,"<>",Data!$A:$A,$A7,Data!$D:$D,$B$30)-countifs(Data!F:F,"<>",Data!$A:$A,$A7,Data!$D:$D,$B$30))) | E7: =if(COUNTIFS(Data!G:G,"<>",Data!$A:$A,$A7,Data!$D:$D,$B$30)<$B$31,"",(sumifs(Data!$D:$D,Data!G:G,"<>",Data!$A:$A,$A7,Data!$D:$D,$B$30)-sumifs(Data!G:G,Data!G:G,"<>",Data!$A:$A,$A7,Data!$D:$D,$B$30))/(sumifs(Data!$D:$D,Data!G:G,"<>",Data!$A:$A,$A7,Data!$D:$D,$B$30)-countifs(Data!G:G,"<>",Data!$A:$A,$A7,Data!$D:$D,$B$30))) | F7: =if(COUNTIFS(Data!H:H,"<>",Data!$A:$A,$A7,Data!$D:$D,$B$30)<$B$31,"",(sumifs(Data!$D:$D,Data!H:H,"<>",Data!$A:$A,$A7,Data!$D:$D,$B$30)-sumifs(Data!H:H,Data!H:H,"<>",Data!$A:$A,$A7,Data!$D:$D,$B$30))/(sumifs(Data!$D:$D,Data!H:H,"<>",Data!$A:$A,$A7,Data!$D:$D,$B$30)-countifs(Data!H:H,"<>",Data!$A:$A,$A7,Data!$D:$D,$B$30))) | G7: =if(COUNTIFS(Data!I:I,"<>",Data!$A:$A,$A7,Data!$D:$D,$B$30)<$B$31,"",(sumifs(Data!$D:$D,Data!I:I,"<>",Data!$A:$A,$A7,Data!$D:$D,$B$30)-sumifs(Data!I:I,Data!I:I,"<>",Data!$A:$A,$A7,Data!$D:$D,$B$30))/(sumifs(Data!$D:$D,Data!I:I,"<>",Data!$A:$A,$A7,Data!$D:$D,$B$30)-countifs(Data!I:I,"<>",Data!$A:$A,$A7,Data!$D:$D,$B$30))) | H7: =if(COUNTIFS(Data!J:J,"<>",Data!$A:$A,$A7,Data!$D:$D,$B$30)<$B$31,"",(sumifs(Data!$D:$D,Data!J:J,"<>",Data!$A:$A,$A7,Data!$D:$D,$B$30)-sumifs(Data!J:J,Data!J:J,"<>",Data!$A:$A,$A7,Data!$D:$D,$B$30))/(sumifs(Data!$D:$D,Data!J:J,"<>",Data!$A:$A,$A7,Data!$D:$D,$B$30)-countifs(Data!J:J,"<>",Data!$A:$A,$A7,Data!$D:$D,$B$30))) | I7: =if(COUNTIFS(Data!K:K,"<>",Data!$A:$A,$A7,Data!$D:$D,$B$30)<$B$31,"",(sumifs(Data!$D:$D,Data!K:K,"<>",Data!$A:$A,$A7,Data!$D:$D,$B$30)-sumifs(Data!K:K,Data!K:K,"<>",Data!$A:$A,$A7,Data!$D:$D,$B$30))/(sumifs(Data!$D:$D,Data!K:K,"<>",Data!$A:$A,$A7,Data!$D:$D,$B$30)-countifs(Data!K:K,"<>",Data!$A:$A,$A7,Data!$D:$D,$B$30))) | J7: =if(COUNTIFS(Data!L:L,"<>",Data!$A:$A,$A7,Data!$D:$D,$B$30)<$B$31,"",(sumifs(Data!$D:$D,Data!L:L,"<>",Data!$A:$A,$A7,Data!$D:$D,$B$30)-sumifs(Data!L:L,Data!L:L,"<>",Data!$A:$A,$A7,Data!$D:$D,$B$30))/(sumifs(Data!$D:$D,Data!L:L,"<>",Data!$A:$A,$A7,Data!$D:$D,$B$30)-countifs(Data!L:L,"<>",Data!$A:$A,$A7,Data!$D:$D,$B$30))) | K7: =if(COUNTIFS(Data!M:M,"<>",Data!$A:$A,$A7,Data!$D:$D,$B$30)<$B$31,"",(sumifs(Data!$D:$D,Data!M:M,"<>",Data!$A:$A,$A7,Data!$D:$D,$B$30)-sumifs(Data!M:M,Data!M:M,"<>",Data!$A:$A,$A7,Data!$D:$D,$B$30))/(sumifs(Data!$D:$D,Data!M:M,"<>",Data!$A:$A,$A7,Data!$D:$D,$B$30)-countifs(Data!M:M,"<>",Data!$A:$A,$A7,Data!$D:$D,$B$30))) | L7: =if(COUNTIFS(Data!N:N,"<>",Data!$A:$A,$A7,Data!$D:$D,$B$30)<$B$31,"",(sumifs(Data!$D:$D,Data!N:N,"<>",Data!$A:$A,$A7,Data!$D:$D,$B$30)-sumifs(Data!N:N,Data!N:N,"<>",Data!$A:$A,$A7,Data!$D:$D,$B$30))/(sumifs(Data!$D:$D,Data!N:N,"<>",Data!$A:$A,$A7,Data!$D:$D,$B$30)-countifs(Data!N:N,"<>",Data!$A:$A,$A7,Data!$D:$D,$B$30))) | M7: =if(COUNTIFS(Data!O:O,"<>",Data!$A:$A,$A7,Data!$D:$D,$B$30)<$B$31,"",(sumifs(Data!$D:$D,Data!O:O,"<>",Data!$A:$A,$A7,Data!$D:$D,$B$30)-sumifs(Data!O:O,Data!O:O,"<>",Data!$A:$A,$A7,Data!$D:$D,$B$30))/(sumifs(Data!$D:$D,Data!O:O,"<>",Data!$A:$A,$A7,Data!$D:$D,$B$30)-countifs(Data!O:O,"<>",Data!$A:$A,$A7,Data!$D:$D,$B$30))) | N7: =if(COUNTIFS(Data!P:P,"<>",Data!$A:$A,$A7,Data!$D:$D,$B$30)<$B$31,"",(sumifs(Data!$D:$D,Data!P:P,"<>",Data!$A:$A,$A7,Data!$D:$D,$B$30)-sumifs(Data!P:P,Data!P:P,"<>",Data!$A:$A,$A7,Data!$D:$D,$B$30))/(sumifs(Data!$D:$D,Data!P:P,"<>",Data!$A:$A,$A7,Data!$D:$D,$B$30)-countifs(Data!P:P,"<>",Data!$A:$A,$A7,Data!$D:$D,$B$30))) | O7: =if(COUNTIFS(Data!Q:Q,"<>",Data!$A:$A,$A7,Data!$D:$D,$B$30)<$B$31,"",(sumifs(Data!$D:$D,Data!Q:Q,"<>",Data!$A:$A,$A7,Data!$D:$D,$B$30)-sumifs(Data!Q:Q,Data!Q:Q,"<>",Data!$A:$A,$A7,Data!$D:$D,$B$30))/(sumifs(Data!$D:$D,Data!Q:Q,"<>",Data!$A:$A,$A7,Data!$D:$D,$B$30)-countifs(Data!Q:Q,"<>",Data!$A:$A,$A7,Data!$D:$D,$B$30))) | P7: =if(COUNTIFS(Data!R:R,"<>",Data!$A:$A,$A7,Data!$D:$D,$B$30)<$B$31,"",(sumifs(Data!$D:$D,Data!R:R,"<>",Data!$A:$A,$A7,Data!$D:$D,$B$30)-sumifs(Data!R:R,Data!R:R,"<>",Data!$A:$A,$A7,Data!$D:$D,$B$30))/(sumifs(Data!$D:$D,Data!R:R,"<>",Data!$A:$A,$A7,Data!$D:$D,$B$30)-countifs(Data!R:R,"<>",Data!$A:$A,$A7,Data!$D:$D,$B$30))) | Q7: =if(COUNTIFS(Data!S:S,"<>",Data!$A:$A,$A7,Data!$D:$D,$B$30)<$B$31,"",(sumifs(Data!$D:$D,Data!S:S,"<>",Data!$A:$A,$A7,Data!$D:$D,$B$30)-sumifs(Data!S:S,Data!S:S,"<>",Data!$A:$A,$A7,Data!$D:$D,$B$30))/(sumifs(Data!$D:$D,Data!S:S,"<>",Data!$A:$A,$A7,Data!$D:$D,$B$30)-countifs(Data!S:S,"<>",Data!$A:$A,$A7,Data!$D:$D,$B$30))) | R7: =if(COUNTIFS(Data!T:T,"<>",Data!$A:$A,$A7,Data!$D:$D,$B$30)<$B$31,"",(sumifs(Data!$D:$D,Data!T:T,"<>",Data!$A:$A,$A7,Data!$D:$D,$B$30)-sumifs(Data!T:T,Data!T:T,"<>",Data!$A:$A,$A7,Data!$D:$D,$B$30))/(sumifs(Data!$D:$D,Data!T:T,"<>",Data!$A:$A,$A7,Data!$D:$D,$B$30)-countifs(Data!T:T,"<>",Data!$A:$A,$A7,Data!$D:$D,$B$30))) | S7: =if(COUNTIFS(Data!U:U,"<>",Data!$A:$A,$A7,Data!$D:$D,$B$30)<$B$31,"",(sumifs(Data!$D:$D,Data!U:U,"<>",Data!$A:$A,$A7,Data!$D:$D,$B$30)-sumifs(Data!U:U,Data!U:U,"<>",Data!$A:$A,$A7,Data!$D:$D,$B$30))/(sumifs(Data!$D:$D,Data!U:U,"<>",Data!$A:$A,$A7,Data!$D:$D,$B$30)-countifs(Data!U:U,"<>",Data!$A:$A,$A7,Data!$D:$D,$B$30))) | T7: =if(COUNTIFS(Data!V:V,"<>",Data!$A:$A,$A7,Data!$D:$D,$B$30)<$B$31,"",(sumifs(Data!$D:$D,Data!V:V,"<>",Data!$A:$A,$A7,Data!$D:$D,$B$30)-sumifs(Data!V:V,Data!V:V,"<>",Data!$A:$A,$A7,Data!$D:$D,$B$30))/(sumifs(Data!$D:$D,Data!V:V,"<>",Data!$A:$A,$A7,Data!$D:$D,$B$30)-countifs(Data!V:V,"<>",Data!$A:$A,$A7,Data!$D:$D,$B$30)))
A8: Snapshouts | B8: =countif(Data!A:A,"="&A8) -> 1 | C8: =if(COUNTIFS(Data!E:E,"<>",Data!$A:$A,$A8,Data!$D:$D,$B$30)<$B$31,"",(sumifs(Data!$D:$D,Data!E:E,"<>",Data!$A:$A,$A8,Data!$D:$D,$B$30)-sumifs(Data!E:E,Data!E:E,"<>",Data!$A:$A,$A8,Data!$D:$D,$B$30))/(sumifs(Data!$D:$D,Data!E:E,"<>",Data!$A:$A,$A8,Data!$D:$D,$B$30)-countifs(Data!E:E,"<>",Data!$A:$A,$A8,Data!$D:$D,$B$30))) | D8: =if(COUNTIFS(Data!F:F,"<>",Data!$A:$A,$A8,Data!$D:$D,$B$30)<$B$31,"",(sumifs(Data!$D:$D,Data!F:F,"<>",Data!$A:$A,$A8,Data!$D:$D,$B$30)-sumifs(Data!F:F,Data!F:F,"<>",Data!$A:$A,$A8,Data!$D:$D,$B$30))/(sumifs(Data!$D:$D,Data!F:F,"<>",Data!$A:$A,$A8,Data!$D:$D,$B$30)-countifs(Data!F:F,"<>",Data!$A:$A,$A8,Data!$D:$D,$B$30))) | E8: =if(COUNTIFS(Data!G:G,"<>",Data!$A:$A,$A8,Data!$D:$D,$B$30)<$B$31,"",(sumifs(Data!$D:$D,Data!G:G,"<>",Data!$A:$A,$A8,Data!$D:$D,$B$30)-sumifs(Data!G:G,Data!G:G,"<>",Data!$A:$A,$A8,Data!$D:$D,$B$30))/(sumifs(Data!$D:$D,Data!G:G,"<>",Data!$A:$A,$A8,Data!$D:$D,$B$30)-countifs(Data!G:G,"<>",Data!$A:$A,$A8,Data!$D:$D,$B$30))) | F8: =if(COUNTIFS(Data!H:H,"<>",Data!$A:$A,$A8,Data!$D:$D,$B$30)<$B$31,"",(sumifs(Data!$D:$D,Data!H:H,"<>",Data!$A:$A,$A8,Data!$D:$D,$B$30)-sumifs(Data!H:H,Data!H:H,"<>",Data!$A:$A,$A8,Data!$D:$D,$B$30))/(sumifs(Data!$D:$D,Data!H:H,"<>",Data!$A:$A,$A8,Data!$D:$D,$B$30)-countifs(Data!H:H,"<>",Data!$A:$A,$A8,Data!$D:$D,$B$30))) | G8: =if(COUNTIFS(Data!I:I,"<>",Data!$A:$A,$A8,Data!$D:$D,$B$30)<$B$31,"",(sumifs(Data!$D:$D,Data!I:I,"<>",Data!$A:$A,$A8,Data!$D:$D,$B$30)-sumifs(Data!I:I,Data!I:I,"<>",Data!$A:$A,$A8,Data!$D:$D,$B$30))/(sumifs(Data!$D:$D,Data!I:I,"<>",Data!$A:$A,$A8,Data!$D:$D,$B$30)-countifs(Data!I:I,"<>",Data!$A:$A,$A8,Data!$D:$D,$B$30))) | H8: =if(COUNTIFS(Data!J:J,"<>",Data!$A:$A,$A8,Data!$D:$D,$B$30)<$B$31,"",(sumifs(Data!$D:$D,Data!J:J,"<>",Data!$A:$A,$A8,Data!$D:$D,$B$30)-sumifs(Data!J:J,Data!J:J,"<>",Data!$A:$A,$A8,Data!$D:$D,$B$30))/(sumifs(Data!$D:$D,Data!J:J,"<>",Data!$A:$A,$A8,Data!$D:$D,$B$30)-countifs(Data!J:J,"<>",Data!$A:$A,$A8,Data!$D:$D,$B$30))) | I8: =if(COUNTIFS(Data!K:K,"<>",Data!$A:$A,$A8,Data!$D:$D,$B$30)<$B$31,"",(sumifs(Data!$D:$D,Data!K:K,"<>",Data!$A:$A,$A8,Data!$D:$D,$B$30)-sumifs(Data!K:K,Data!K:K,"<>",Data!$A:$A,$A8,Data!$D:$D,$B$30))/(sumifs(Data!$D:$D,Data!K:K,"<>",Data!$A:$A,$A8,Data!$D:$D,$B$30)-countifs(Data!K:K,"<>",Data!$A:$A,$A8,Data!$D:$D,$B$30))) | J8: =if(COUNTIFS(Data!L:L,"<>",Data!$A:$A,$A8,Data!$D:$D,$B$30)<$B$31,"",(sumifs(Data!$D:$D,Data!L:L,"<>",Data!$A:$A,$A8,Data!$D:$D,$B$30)-sumifs(Data!L:L,Data!L:L,"<>",Data!$A:$A,$A8,Data!$D:$D,$B$30))/(sumifs(Data!$D:$D,Data!L:L,"<>",Data!$A:$A,$A8,Data!$D:$D,$B$30)-countifs(Data!L:L,"<>",Data!$A:$A,$A8,Data!$D:$D,$B$30))) | K8: =if(COUNTIFS(Data!M:M,"<>",Data!$A:$A,$A8,Data!$D:$D,$B$30)<$B$31,"",(sumifs(Data!$D:$D,Data!M:M,"<>",Data!$A:$A,$A8,Data!$D:$D,$B$30)-sumifs(Data!M:M,Data!M:M,"<>",Data!$A:$A,$A8,Data!$D:$D,$B$30))/(sumifs(Data!$D:$D,Data!M:M,"<>",Data!$A:$A,$A8,Data!$D:$D,$B$30)-countifs(Data!M:M,"<>",Data!$A:$A,$A8,Data!$D:$D,$B$30))) | L8: =if(COUNTIFS(Data!N:N,"<>",Data!$A:$A,$A8,Data!$D:$D,$B$30)<$B$31,"",(sumifs(Data!$D:$D,Data!N:N,"<>",Data!$A:$A,$A8,Data!$D:$D,$B$30)-sumifs(Data!N:N,Data!N:N,"<>",Data!$A:$A,$A8,Data!$D:$D,$B$30))/(sumifs(Data!$D:$D,Data!N:N,"<>",Data!$A:$A,$A8,Data!$D:$D,$B$30)-countifs(Data!N:N,"<>",Data!$A:$A,$A8,Data!$D:$D,$B$30))) | M8: =if(COUNTIFS(Data!O:O,"<>",Data!$A:$A,$A8,Data!$D:$D,$B$30)<$B$31,"",(sumifs(Data!$D:$D,Data!O:O,"<>",Data!$A:$A,$A8,Data!$D:$D,$B$30)-sumifs(Data!O:O,Data!O:O,"<>",Data!$A:$A,$A8,Data!$D:$D,$B$30))/(sumifs(Data!$D:$D,Data!O:O,"<>",Data!$A:$A,$A8,Data!$D:$D,$B$30)-countifs(Data!O:O,"<>",Data!$A:$A,$A8,Data!$D:$D,$B$30))) | N8: =if(COUNTIFS(Data!P:P,"<>",Data!$A:$A,$A8,Data!$D:$D,$B$30)<$B$31,"",(sumifs(Data!$D:$D,Data!P:P,"<>",Data!$A:$A,$A8,Data!$D:$D,$B$30)-sumifs(Data!P:P,Data!P:P,"<>",Data!$A:$A,$A8,Data!$D:$D,$B$30))/(sumifs(Data!$D:$D,Data!P:P,"<>",Data!$A:$A,$A8,Data!$D:$D,$B$30)-countifs(Data!P:P,"<>",Data!$A:$A,$A8,Data!$D:$D,$B$30))) | O8: =if(COUNTIFS(Data!Q:Q,"<>",Data!$A:$A,$A8,Data!$D:$D,$B$30)<$B$31,"",(sumifs(Data!$D:$D,Data!Q:Q,"<>",Data!$A:$A,$A8,Data!$D:$D,$B$30)-sumifs(Data!Q:Q,Data!Q:Q,"<>",Data!$A:$A,$A8,Data!$D:$D,$B$30))/(sumifs(Data!$D:$D,Data!Q:Q,"<>",Data!$A:$A,$A8,Data!$D:$D,$B$30)-countifs(Data!Q:Q,"<>",Data!$A:$A,$A8,Data!$D:$D,$B$30))) | P8: =if(COUNTIFS(Data!R:R,"<>",Data!$A:$A,$A8,Data!$D:$D,$B$30)<$B$31,"",(sumifs(Data!$D:$D,Data!R:R,"<>",Data!$A:$A,$A8,Data!$D:$D,$B$30)-sumifs(Data!R:R,Data!R:R,"<>",Data!$A:$A,$A8,Data!$D:$D,$B$30))/(sumifs(Data!$D:$D,Data!R:R,"<>",Data!$A:$A,$A8,Data!$D:$D,$B$30)-countifs(Data!R:R,"<>",Data!$A:$A,$A8,Data!$D:$D,$B$30))) | Q8: =if(COUNTIFS(Data!S:S,"<>",Data!$A:$A,$A8,Data!$D:$D,$B$30)<$B$31,"",(sumifs(Data!$D:$D,Data!S:S,"<>",Data!$A:$A,$A8,Data!$D:$D,$B$30)-sumifs(Data!S:S,Data!S:S,"<>",Data!$A:$A,$A8,Data!$D:$D,$B$30))/(sumifs(Data!$D:$D,Data!S:S,"<>",Data!$A:$A,$A8,Data!$D:$D,$B$30)-countifs(Data!S:S,"<>",Data!$A:$A,$A8,Data!$D:$D,$B$30))) | R8: =if(COUNTIFS(Data!T:T,"<>",Data!$A:$A,$A8,Data!$D:$D,$B$30)<$B$31,"",(sumifs(Data!$D:$D,Data!T:T,"<>",Data!$A:$A,$A8,Data!$D:$D,$B$30)-sumifs(Data!T:T,Data!T:T,"<>",Data!$A:$A,$A8,Data!$D:$D,$B$30))/(sumifs(Data!$D:$D,Data!T:T,"<>",Data!$A:$A,$A8,Data!$D:$D,$B$30)-countifs(Data!T:T,"<>",Data!$A:$A,$A8,Data!$D:$D,$B$30))) | S8: =if(COUNTIFS(Data!U:U,"<>",Data!$A:$A,$A8,Data!$D:$D,$B$30)<$B$31,"",(sumifs(Data!$D:$D,Data!U:U,"<>",Data!$A:$A,$A8,Data!$D:$D,$B$30)-sumifs(Data!U:U,Data!U:U,"<>",Data!$A:$A,$A8,Data!$D:$D,$B$30))/(sumifs(Data!$D:$D,Data!U:U,"<>",Data!$A:$A,$A8,Data!$D:$D,$B$30)-countifs(Data!U:U,"<>",Data!$A:$A,$A8,Data!$D:$D,$B$30))) | T8: =if(COUNTIFS(Data!V:V,"<>",Data!$A:$A,$A8,Data!$D:$D,$B$30)<$B$31,"",(sumifs(Data!$D:$D,Data!V:V,"<>",Data!$A:$A,$A8,Data!$D:$D,$B$30)-sumifs(Data!V:V,Data!V:V,"<>",Data!$A:$A,$A8,Data!$D:$D,$B$30))/(sumifs(Data!$D:$D,Data!V:V,"<>",Data!$A:$A,$A8,Data!$D:$D,$B$30)-countifs(Data!V:V,"<>",Data!$A:$A,$A8,Data!$D:$D,$B$30)))
A9: Terraforming Mars | B9: =countif(Data!A:A,"="&A9) -> 60 | C9: =if(COUNTIFS(Data!E:E,"<>",Data!$A:$A,$A9,Data!$D:$D,$B$30)<$B$31,"",(sumifs(Data!$D:$D,Data!E:E,"<>",Data!$A:$A,$A9,Data!$D:$D,$B$30)-sumifs(Data!E:E,Data!E:E,"<>",Data!$A:$A,$A9,Data!$D:$D,$B$30))/(sumifs(Data!$D:$D,Data!E:E,"<>",Data!$A:$A,$A9,Data!$D:$D,$B$30)-countifs(Data!E:E,"<>",Data!$A:$A,$A9,Data!$D:$D,$B$30))) -> 0.54464286 | D9: =if(COUNTIFS(Data!F:F,"<>",Data!$A:$A,$A9,Data!$D:$D,$B$30)<$B$31,"",(sumifs(Data!$D:$D,Data!F:F,"<>",Data!$A:$A,$A9,Data!$D:$D,$B$30)-sumifs(Data!F:F,Data!F:F,"<>",Data!$A:$A,$A9,Data!$D:$D,$B$30))/(sumifs(Data!$D:$D,Data!F:F,"<>",Data!$A:$A,$A9,Data!$D:$D,$B$30)-countifs(Data!F:F,"<>",Data!$A:$A,$A9,Data!$D:$D,$B$30))) -> 0.66666667 | E9: =if(COUNTIFS(Data!G:G,"<>",Data!$A:$A,$A9,Data!$D:$D,$B$30)<$B$31,"",(sumifs(Data!$D:$D,Data!G:G,"<>",Data!$A:$A,$A9,Data!$D:$D,$B$30)-sumifs(Data!G:G,Data!G:G,"<>",Data!$A:$A,$A9,Data!$D:$D,$B$30))/(sumifs(Data!$D:$D,Data!G:G,"<>",Data!$A:$A,$A9,Data!$D:$D,$B$30)-countifs(Data!G:G,"<>",Data!$A:$A,$A9,Data!$D:$D,$B$30))) | F9: =if(COUNTIFS(Data!H:H,"<>",Data!$A:$A,$A9,Data!$D:$D,$B$30)<$B$31,"",(sumifs(Data!$D:$D,Data!H:H,"<>",Data!$A:$A,$A9,Data!$D:$D,$B$30)-sumifs(Data!H:H,Data!H:H,"<>",Data!$A:$A,$A9,Data!$D:$D,$B$30))/(sumifs(Data!$D:$D,Data!H:H,"<>",Data!$A:$A,$A9,Data!$D:$D,$B$30)-countifs(Data!H:H,"<>",Data!$A:$A,$A9,Data!$D:$D,$B$30))) -> 0.35185185 | G9: =if(COUNTIFS(Data!I:I,"<>",Data!$A:$A,$A9,Data!$D:$D,$B$30)<$B$31,"",(sumifs(Data!$D:$D,Data!I:I,"<>",Data!$A:$A,$A9,Data!$D:$D,$B$30)-sumifs(Data!I:I,Data!I:I,"<>",Data!$A:$A,$A9,Data!$D:$D,$B$30))/(sumifs(Data!$D:$D,Data!I:I,"<>",Data!$A:$A,$A9,Data!$D:$D,$B$30)-countifs(Data!I:I,"<>",Data!$A:$A,$A9,Data!$D:$D,$B$30))) | H9: =if(COUNTIFS(Data!J:J,"<>",Data!$A:$A,$A9,Data!$D:$D,$B$30)<$B$31,"",(sumifs(Data!$D:$D,Data!J:J,"<>",Data!$A:$A,$A9,Data!$D:$D,$B$30)-sumifs(Data!J:J,Data!J:J,"<>",Data!$A:$A,$A9,Data!$D:$D,$B$30))/(sumifs(Data!$D:$D,Data!J:J,"<>",Data!$A:$A,$A9,Data!$D:$D,$B$30)-countifs(Data!J:J,"<>",Data!$A:$A,$A9,Data!$D:$D,$B$30))) | I9: =if(COUNTIFS(Data!K:K,"<>",Data!$A:$A,$A9,Data!$D:$D,$B$30)<$B$31,"",(sumifs(Data!$D:$D,Data!K:K,"<>",Data!$A:$A,$A9,Data!$D:$D,$B$30)-sumifs(Data!K:K,Data!K:K,"<>",Data!$A:$A,$A9,Data!$D:$D,$B$30))/(sumifs(Data!$D:$D,Data!K:K,"<>",Data!$A:$A,$A9,Data!$D:$D,$B$30)-countifs(Data!K:K,"<>",Data!$A:$A,$A9,Data!$D:$D,$B$30))) | J9: =if(COUNTIFS(Data!L:L,"<>",Data!$A:$A,$A9,Data!$D:$D,$B$30)<$B$31,"",(sumifs(Data!$D:$D,Data!L:L,"<>",Data!$A:$A,$A9,Data!$D:$D,$B$30)-sumifs(Data!L:L,Data!L:L,"<>",Data!$A:$A,$A9,Data!$D:$D,$B$30))/(sumifs(Data!$D:$D,Data!L:L,"<>",Data!$A:$A,$A9,Data!$D:$D,$B$30)-countifs(Data!L:L,"<>",Data!$A:$A,$A9,Data!$D:$D,$B$30))) | K9: =if(COUNTIFS(Data!M:M,"<>",Data!$A:$A,$A9,Data!$D:$D,$B$30)<$B$31,"",(sumifs(Data!$D:$D,Data!M:M,"<>",Data!$A:$A,$A9,Data!$D:$D,$B$30)-sumifs(Data!M:M,Data!M:M,"<>",Data!$A:$A,$A9,Data!$D:$D,$B$30))/(sumifs(Data!$D:$D,Data!M:M,"<>",Data!$A:$A,$A9,Data!$D:$D,$B$30)-countifs(Data!M:M,"<>",Data!$A:$A,$A9,Data!$D:$D,$B$30))) | L9: =if(COUNTIFS(Data!N:N,"<>",Data!$A:$A,$A9,Data!$D:$D,$B$30)<$B$31,"",(sumifs(Data!$D:$D,Data!N:N,"<>",Data!$A:$A,$A9,Data!$D:$D,$B$30)-sumifs(Data!N:N,Data!N:N,"<>",Data!$A:$A,$A9,Data!$D:$D,$B$30))/(sumifs(Data!$D:$D,Data!N:N,"<>",Data!$A:$A,$A9,Data!$D:$D,$B$30)-countifs(Data!N:N,"<>",Data!$A:$A,$A9,Data!$D:$D,$B$30))) | M9: =if(COUNTIFS(Data!O:O,"<>",Data!$A:$A,$A9,Data!$D:$D,$B$30)<$B$31,"",(sumifs(Data!$D:$D,Data!O:O,"<>",Data!$A:$A,$A9,Data!$D:$D,$B$30)-sumifs(Data!O:O,Data!O:O,"<>",Data!$A:$A,$A9,Data!$D:$D,$B$30))/(sumifs(Data!$D:$D,Data!O:O,"<>",Data!$A:$A,$A9,Data!$D:$D,$B$30)-countifs(Data!O:O,"<>",Data!$A:$A,$A9,Data!$D:$D,$B$30))) | N9: =if(COUNTIFS(Data!P:P,"<>",Data!$A:$A,$A9,Data!$D:$D,$B$30)<$B$31,"",(sumifs(Data!$D:$D,Data!P:P,"<>",Data!$A:$A,$A9,Data!$D:$D,$B$30)-sumifs(Data!P:P,Data!P:P,"<>",Data!$A:$A,$A9,Data!$D:$D,$B$30))/(sumifs(Data!$D:$D,Data!P:P,"<>",Data!$A:$A,$A9,Data!$D:$D,$B$30)-countifs(Data!P:P,"<>",Data!$A:$A,$A9,Data!$D:$D,$B$30))) | O9: =if(COUNTIFS(Data!Q:Q,"<>",Data!$A:$A,$A9,Data!$D:$D,$B$30)<$B$31,"",(sumifs(Data!$D:$D,Data!Q:Q,"<>",Data!$A:$A,$A9,Data!$D:$D,$B$30)-sumifs(Data!Q:Q,Data!Q:Q,"<>",Data!$A:$A,$A9,Data!$D:$D,$B$30))/(sumifs(Data!$D:$D,Data!Q:Q,"<>",Data!$A:$A,$A9,Data!$D:$D,$B$30)-countifs(Data!Q:Q,"<>",Data!$A:$A,$A9,Data!$D:$D,$B$30))) | P9: =if(COUNTIFS(Data!R:R,"<>",Data!$A:$A,$A9,Data!$D:$D,$B$30)<$B$31,"",(sumifs(Data!$D:$D,Data!R:R,"<>",Data!$A:$A,$A9,Data!$D:$D,$B$30)-sumifs(Data!R:R,Data!R:R,"<>",Data!$A:$A,$A9,Data!$D:$D,$B$30))/(sumifs(Data!$D:$D,Data!R:R,"<>",Data!$A:$A,$A9,Data!$D:$D,$B$30)-countifs(Data!R:R,"<>",Data!$A:$A,$A9,Data!$D:$D,$B$30))) | Q9: =if(COUNTIFS(Data!S:S,"<>",Data!$A:$A,$A9,Data!$D:$D,$B$30)<$B$31,"",(sumifs(Data!$D:$D,Data!S:S,"<>",Data!$A:$A,$A9,Data!$D:$D,$B$30)-sumifs(Data!S:S,Data!S:S,"<>",Data!$A:$A,$A9,Data!$D:$D,$B$30))/(sumifs(Data!$D:$D,Data!S:S,"<>",Data!$A:$A,$A9,Data!$D:$D,$B$30)-countifs(Data!S:S,"<>",Data!$A:$A,$A9,Data!$D:$D,$B$30))) | R9: =if(COUNTIFS(Data!T:T,"<>",Data!$A:$A,$A9,Data!$D:$D,$B$30)<$B$31,"",(sumifs(Data!$D:$D,Data!T:T,"<>",Data!$A:$A,$A9,Data!$D:$D,$B$30)-sumifs(Data!T:T,Data!T:T,"<>",Data!$A:$A,$A9,Data!$D:$D,$B$30))/(sumifs(Data!$D:$D,Data!T:T,"<>",Data!$A:$A,$A9,Data!$D:$D,$B$30)-countifs(Data!T:T,"<>",Data!$A:$A,$A9,Data!$D:$D,$B$30))) | S9: =if(COUNTIFS(Data!U:U,"<>",Data!$A:$A,$A9,Data!$D:$D,$B$30)<$B$31,"",(sumifs(Data!$D:$D,Data!U:U,"<>",Data!$A:$A,$A9,Data!$D:$D,$B$30)-sumifs(Data!U:U,Data!U:U,"<>",Data!$A:$A,$A9,Data!$D:$D,$B$30))/(sumifs(Data!$D:$D,Data!U:U,"<>",Data!$A:$A,$A9,Data!$D:$D,$B$30)-countifs(Data!U:U,"<>",Data!$A:$A,$A9,Data!$D:$D,$B$30))) | T9: =if(COUNTIFS(Data!V:V,"<>",Data!$A:$A,$A9,Data!$D:$D,$B$30)<$B$31,"",(sumifs(Data!$D:$D,Data!V:V,"<>",Data!$A:$A,$A9,Data!$D:$D,$B$30)-sumifs(Data!V:V,Data!V:V,"<>",Data!$A:$A,$A9,Data!$D:$D,$B$30))/(sumifs(Data!$D:$D,Data!V:V,"<>",Data!$A:$A,$A9,Data!$D:$D,$B$30)-countifs(Data!V:V,"<>",Data!$A:$A,$A9,Data!$D:$D,$B$30)))
A10: Ticket To Ride | B10: =countif(Data!A:A,"="&A10) -> 14 | C10: =if(COUNTIFS(Data!E:E,"<>",Data!$A:$A,$A10,Data!$D:$D,$B$30)<$B$31,"",(sumifs(Data!$D:$D,Data!E:E,"<>",Data!$A:$A,$A10,Data!$D:$D,$B$30)-sumifs(Data!E:E,Data!E:E,"<>",Data!$A:$A,$A10,Data!$D:$D,$B$30))/(sumifs(Data!$D:$D,Data!E:E,"<>",Data!$A:$A,$A10,Data!$D:$D,$B$30)-countifs(Data!E:E,"<>",Data!$A:$A,$A10,Data!$D:$D,$B$30))) | D10: =if(COUNTIFS(Data!F:F,"<>",Data!$A:$A,$A10,Data!$D:$D,$B$30)<$B$31,"",(sumifs(Data!$D:$D,Data!F:F,"<>",Data!$A:$A,$A10,Data!$D:$D,$B$30)-sumifs(Data!F:F,Data!F:F,"<>",Data!$A:$A,$A10,Data!$D:$D,$B$30))/(sumifs(Data!$D:$D,Data!F:F,"<>",Data!$A:$A,$A10,Data!$D:$D,$B$30)-countifs(Data!F:F,"<>",Data!$A:$A,$A10,Data!$D:$D,$B$30))) | E10: =if(COUNTIFS(Data!G:G,"<>",Data!$A:$A,$A10,Data!$D:$D,$B$30)<$B$31,"",(sumifs(Data!$D:$D,Data!G:G,"<>",Data!$A:$A,$A10,Data!$D:$D,$B$30)-sumifs(Data!G:G,Data!G:G,"<>",Data!$A:$A,$A10,Data!$D:$D,$B$30))/(sumifs(Data!$D:$D,Data!G:G,"<>",Data!$A:$A,$A10,Data!$D:$D,$B$30)-countifs(Data!G:G,"<>",Data!$A:$A,$A10,Data!$D:$D,$B$30))) | F10: =if(COUNTIFS(Data!H:H,"<>",Data!$A:$A,$A10,Data!$D:$D,$B$30)<$B$31,"",(sumifs(Data!$D:$D,Data!H:H,"<>",Data!$A:$A,$A10,Data!$D:$D,$B$30)-sumifs(Data!H:H,Data!H:H,"<>",Data!$A:$A,$A10,Data!$D:$D,$B$30))/(sumifs(Data!$D:$D,Data!H:H,"<>",Data!$A:$A,$A10,Data!$D:$D,$B$30)-countifs(Data!H:H,"<>",Data!$A:$A,$A10,Data!$D:$D,$B$30))) | G10: =if(COUNTIFS(Data!I:I,"<>",Data!$A:$A,$A10,Data!$D:$D,$B$30)<$B$31,"",(sumifs(Data!$D:$D,Data!I:I,"<>",Data!$A:$A,$A10,Data!$D:$D,$B$30)-sumifs(Data!I:I,Data!I:I,"<>",Data!$A:$A,$A10,Data!$D:$D,$B$30))/(sumifs(Data!$D:$D,Data!I:I,"<>",Data!$A:$A,$A10,Data!$D:$D,$B$30)-countifs(Data!I:I,"<>",Data!$A:$A,$A10,Data!$D:$D,$B$30))) | H10: =if(COUNTIFS(Data!J:J,"<>",Data!$A:$A,$A10,Data!$D:$D,$B$30)<$B$31,"",(sumifs(Data!$D:$D,Data!J:J,"<>",Data!$A:$A,$A10,Data!$D:$D,$B$30)-sumifs(Data!J:J,Data!J:J,"<>",Data!$A:$A,$A10,Data!$D:$D,$B$30))/(sumifs(Data!$D:$D,Data!J:J,"<>",Data!$A:$A,$A10,Data!$D:$D,$B$30)-countifs(Data!J:J,"<>",Data!$A:$A,$A10,Data!$D:$D,$B$30))) | I10: =if(COUNTIFS(Data!K:K,"<>",Data!$A:$A,$A10,Data!$D:$D,$B$30)<$B$31,"",(sumifs(Data!$D:$D,Data!K:K,"<>",Data!$A:$A,$A10,Data!$D:$D,$B$30)-sumifs(Data!K:K,Data!K:K,"<>",Data!$A:$A,$A10,Data!$D:$D,$B$30))/(sumifs(Data!$D:$D,Data!K:K,"<>",Data!$A:$A,$A10,Data!$D:$D,$B$30)-countifs(Data!K:K,"<>",Data!$A:$A,$A10,Data!$D:$D,$B$30))) | J10: =if(COUNTIFS(Data!L:L,"<>",Data!$A:$A,$A10,Data!$D:$D,$B$30)<$B$31,"",(sumifs(Data!$D:$D,Data!L:L,"<>",Data!$A:$A,$A10,Data!$D:$D,$B$30)-sumifs(Data!L:L,Data!L:L,"<>",Data!$A:$A,$A10,Data!$D:$D,$B$30))/(sumifs(Data!$D:$D,Data!L:L,"<>",Data!$A:$A,$A10,Data!$D:$D,$B$30)-countifs(Data!L:L,"<>",Data!$A:$A,$A10,Data!$D:$D,$B$30))) | K10: =if(COUNTIFS(Data!M:M,"<>",Data!$A:$A,$A10,Data!$D:$D,$B$30)<$B$31,"",(sumifs(Data!$D:$D,Data!M:M,"<>",Data!$A:$A,$A10,Data!$D:$D,$B$30)-sumifs(Data!M:M,Data!M:M,"<>",Data!$A:$A,$A10,Data!$D:$D,$B$30))/(sumifs(Data!$D:$D,Data!M:M,"<>",Data!$A:$A,$A10,Data!$D:$D,$B$30)-countifs(Data!M:M,"<>",Data!$A:$A,$A10,Data!$D:$D,$B$30))) | L10: =if(COUNTIFS(Data!N:N,"<>",Data!$A:$A,$A10,Data!$D:$D,$B$30)<$B$31,"",(sumifs(Data!$D:$D,Data!N:N,"<>",Data!$A:$A,$A10,Data!$D:$D,$B$30)-sumifs(Data!N:N,Data!N:N,"<>",Data!$A:$A,$A10,Data!$D:$D,$B$30))/(sumifs(Data!$D:$D,Data!N:N,"<>",Data!$A:$A,$A10,Data!$D:$D,$B$30)-countifs(Data!N:N,"<>",Data!$A:$A,$A10,Data!$D:$D,$B$30))) | M10: =if(COUNTIFS(Data!O:O,"<>",Data!$A:$A,$A10,Data!$D:$D,$B$30)<$B$31,"",(sumifs(Data!$D:$D,Data!O:O,"<>",Data!$A:$A,$A10,Data!$D:$D,$B$30)-sumifs(Data!O:O,Data!O:O,"<>",Data!$A:$A,$A10,Data!$D:$D,$B$30))/(sumifs(Data!$D:$D,Data!O:O,"<>",Data!$A:$A,$A10,Data!$D:$D,$B$30)-countifs(Data!O:O,"<>",Data!$A:$A,$A10,Data!$D:$D,$B$30))) | N10: =if(COUNTIFS(Data!P:P,"<>",Data!$A:$A,$A10,Data!$D:$D,$B$30)<$B$31,"",(sumifs(Data!$D:$D,Data!P:P,"<>",Data!$A:$A,$A10,Data!$D:$D,$B$30)-sumifs(Data!P:P,Data!P:P,"<>",Data!$A:$A,$A10,Data!$D:$D,$B$30))/(sumifs(Data!$D:$D,Data!P:P,"<>",Data!$A:$A,$A10,Data!$D:$D,$B$30)-countifs(Data!P:P,"<>",Data!$A:$A,$A10,Data!$D:$D,$B$30))) | O10: =if(COUNTIFS(Data!Q:Q,"<>",Data!$A:$A,$A10,Data!$D:$D,$B$30)<$B$31,"",(sumifs(Data!$D:$D,Data!Q:Q,"<>",Data!$A:$A,$A10,Data!$D:$D,$B$30)-sumifs(Data!Q:Q,Data!Q:Q,"<>",Data!$A:$A,$A10,Data!$D:$D,$B$30))/(sumifs(Data!$D:$D,Data!Q:Q,"<>",Data!$A:$A,$A10,Data!$D:$D,$B$30)-countifs(Data!Q:Q,"<>",Data!$A:$A,$A10,Data!$D:$D,$B$30))) | P10: =if(COUNTIFS(Data!R:R,"<>",Data!$A:$A,$A10,Data!$D:$D,$B$30)<$B$31,"",(sumifs(Data!$D:$D,Data!R:R,"<>",Data!$A:$A,$A10,Data!$D:$D,$B$30)-sumifs(Data!R:R,Data!R:R,"<>",Data!$A:$A,$A10,Data!$D:$D,$B$30))/(sumifs(Data!$D:$D,Data!R:R,"<>",Data!$A:$A,$A10,Data!$D:$D,$B$30)-countifs(Data!R:R,"<>",Data!$A:$A,$A10,Data!$D:$D,$B$30))) | Q10: =if(COUNTIFS(Data!S:S,"<>",Data!$A:$A,$A10,Data!$D:$D,$B$30)<$B$31,"",(sumifs(Data!$D:$D,Data!S:S,"<>",Data!$A:$A,$A10,Data!$D:$D,$B$30)-sumifs(Data!S:S,Data!S:S,"<>",Data!$A:$A,$A10,Data!$D:$D,$B$30))/(sumifs(Data!$D:$D,Data!S:S,"<>",Data!$A:$A,$A10,Data!$D:$D,$B$30)-countifs(Data!S:S,"<>",Data!$A:$A,$A10,Data!$D:$D,$B$30))) | R10: =if(COUNTIFS(Data!T:T,"<>",Data!$A:$A,$A10,Data!$D:$D,$B$30)<$B$31,"",(sumifs(Data!$D:$D,Data!T:T,"<>",Data!$A:$A,$A10,Data!$D:$D,$B$30)-sumifs(Data!T:T,Data!T:T,"<>",Data!$A:$A,$A10,Data!$D:$D,$B$30))/(sumifs(Data!$D:$D,Data!T:T,"<>",Data!$A:$A,$A10,Data!$D:$D,$B$30)-countifs(Data!T:T,"<>",Data!$A:$A,$A10,Data!$D:$D,$B$30))) | S10: =if(COUNTIFS(Data!U:U,"<>",Data!$A:$A,$A10,Data!$D:$D,$B$30)<$B$31,"",(sumifs(Data!$D:$D,Data!U:U,"<>",Data!$A:$A,$A10,Data!$D:$D,$B$30)-sumifs(Data!U:U,Data!U:U,"<>",Data!$A:$A,$A10,Data!$D:$D,$B$30))/(sumifs(Data!$D:$D,Data!U:U,"<>",Data!$A:$A,$A10,Data!$D:$D,$B$30)-countifs(Data!U:U,"<>",Data!$A:$A,$A10,Data!$D:$D,$B$30))) | T10: =if(COUNTIFS(Data!V:V,"<>",Data!$A:$A,$A10,Data!$D:$D,$B$30)<$B$31,"",(sumifs(Data!$D:$D,Data!V:V,"<>",Data!$A:$A,$A10,Data!$D:$D,$B$30)-sumifs(Data!V:V,Data!V:V,"<>",Data!$A:$A,$A10,Data!$D:$D,$B$30))/(sumifs(Data!$D:$D,Data!V:V,"<>",Data!$A:$A,$A10,Data!$D:$D,$B$30)-countifs(Data!V:V,"<>",Data!$A:$A,$A10,Data!$D:$D,$B$30)))
A11: Yahtzee | B11: =countif(Data!A:A,"="&A11) -> 12 | C11: =if(COUNTIFS(Data!E:E,"<>",Data!$A:$A,$A11,Data!$D:$D,$B$30)<$B$31,"",(sumifs(Data!$D:$D,Data!E:E,"<>",Data!$A:$A,$A11,Data!$D:$D,$B$30)-sumifs(Data!E:E,Data!E:E,"<>",Data!$A:$A,$A11,Data!$D:$D,$B$30))/(sumifs(Data!$D:$D,Data!E:E,"<>",Data!$A:$A,$A11,Data!$D:$D,$B$30)-countifs(Data!E:E,"<>",Data!$A:$A,$A11,Data!$D:$D,$B$30))) | D11: =if(COUNTIFS(Data!F:F,"<>",Data!$A:$A,$A11,Data!$D:$D,$B$30)<$B$31,"",(sumifs(Data!$D:$D,Data!F:F,"<>",Data!$A:$A,$A11,Data!$D:$D,$B$30)-sumifs(Data!F:F,Data!F:F,"<>",Data!$A:$A,$A11,Data!$D:$D,$B$30))/(sumifs(Data!$D:$D,Data!F:F,"<>",Data!$A:$A,$A11,Data!$D:$D,$B$30)-countifs(Data!F:F,"<>",Data!$A:$A,$A11,Data!$D:$D,$B$30))) | E11: =if(COUNTIFS(Data!G:G,"<>",Data!$A:$A,$A11,Data!$D:$D,$B$30)<$B$31,"",(sumifs(Data!$D:$D,Data!G:G,"<>",Data!$A:$A,$A11,Data!$D:$D,$B$30)-sumifs(Data!G:G,Data!G:G,"<>",Data!$A:$A,$A11,Data!$D:$D,$B$30))/(sumifs(Data!$D:$D,Data!G:G,"<>",Data!$A:$A,$A11,Data!$D:$D,$B$30)-countifs(Data!G:G,"<>",Data!$A:$A,$A11,Data!$D:$D,$B$30))) | F11: =if(COUNTIFS(Data!H:H,"<>",Data!$A:$A,$A11,Data!$D:$D,$B$30)<$B$31,"",(sumifs(Data!$D:$D,Data!H:H,"<>",Data!$A:$A,$A11,Data!$D:$D,$B$30)-sumifs(Data!H:H,Data!H:H,"<>",Data!$A:$A,$A11,Data!$D:$D,$B$30))/(sumifs(Data!$D:$D,Data!H:H,"<>",Data!$A:$A,$A11,Data!$D:$D,$B$30)-countifs(Data!H:H,"<>",Data!$A:$A,$A11,Data!$D:$D,$B$30))) | G11: =if(COUNTIFS(Data!I:I,"<>",Data!$A:$A,$A11,Data!$D:$D,$B$30)<$B$31,"",(sumifs(Data!$D:$D,Data!I:I,"<>",Data!$A:$A,$A11,Data!$D:$D,$B$30)-sumifs(Data!I:I,Data!I:I,"<>",Data!$A:$A,$A11,Data!$D:$D,$B$30))/(sumifs(Data!$D:$D,Data!I:I,"<>",Data!$A:$A,$A11,Data!$D:$D,$B$30)-countifs(Data!I:I,"<>",Data!$A:$A,$A11,Data!$D:$D,$B$30))) | H11: =if(COUNTIFS(Data!J:J,"<>",Data!$A:$A,$A11,Data!$D:$D,$B$30)<$B$31,"",(sumifs(Data!$D:$D,Data!J:J,"<>",Data!$A:$A,$A11,Data!$D:$D,$B$30)-sumifs(Data!J:J,Data!J:J,"<>",Data!$A:$A,$A11,Data!$D:$D,$B$30))/(sumifs(Data!$D:$D,Data!J:J,"<>",Data!$A:$A,$A11,Data!$D:$D,$B$30)-countifs(Data!J:J,"<>",Data!$A:$A,$A11,Data!$D:$D,$B$30))) | I11: =if(COUNTIFS(Data!K:K,"<>",Data!$A:$A,$A11,Data!$D:$D,$B$30)<$B$31,"",(sumifs(Data!$D:$D,Data!K:K,"<>",Data!$A:$A,$A11,Data!$D:$D,$B$30)-sumifs(Data!K:K,Data!K:K,"<>",Data!$A:$A,$A11,Data!$D:$D,$B$30))/(sumifs(Data!$D:$D,Data!K:K,"<>",Data!$A:$A,$A11,Data!$D:$D,$B$30)-countifs(Data!K:K,"<>",Data!$A:$A,$A11,Data!$D:$D,$B$30))) | J11: =if(COUNTIFS(Data!L:L,"<>",Data!$A:$A,$A11,Data!$D:$D,$B$30)<$B$31,"",(sumifs(Data!$D:$D,Data!L:L,"<>",Data!$A:$A,$A11,Data!$D:$D,$B$30)-sumifs(Data!L:L,Data!L:L,"<>",Data!$A:$A,$A11,Data!$D:$D,$B$30))/(sumifs(Data!$D:$D,Data!L:L,"<>",Data!$A:$A,$A11,Data!$D:$D,$B$30)-countifs(Data!L:L,"<>",Data!$A:$A,$A11,Data!$D:$D,$B$30))) | K11: =if(COUNTIFS(Data!M:M,"<>",Data!$A:$A,$A11,Data!$D:$D,$B$30)<$B$31,"",(sumifs(Data!$D:$D,Data!M:M,"<>",Data!$A:$A,$A11,Data!$D:$D,$B$30)-sumifs(Data!M:M,Data!M:M,"<>",Data!$A:$A,$A11,Data!$D:$D,$B$30))/(sumifs(Data!$D:$D,Data!M:M,"<>",Data!$A:$A,$A11,Data!$D:$D,$B$30)-countifs(Data!M:M,"<>",Data!$A:$A,$A11,Data!$D:$D,$B$30))) | L11: =if(COUNTIFS(Data!N:N,"<>",Data!$A:$A,$A11,Data!$D:$D,$B$30)<$B$31,"",(sumifs(Data!$D:$D,Data!N:N,"<>",Data!$A:$A,$A11,Data!$D:$D,$B$30)-sumifs(Data!N:N,Data!N:N,"<>",Data!$A:$A,$A11,Data!$D:$D,$B$30))/(sumifs(Data!$D:$D,Data!N:N,"<>",Data!$A:$A,$A11,Data!$D:$D,$B$30)-countifs(Data!N:N,"<>",Data!$A:$A,$A11,Data!$D:$D,$B$30))) | M11: =if(COUNTIFS(Data!O:O,"<>",Data!$A:$A,$A11,Data!$D:$D,$B$30)<$B$31,"",(sumifs(Data!$D:$D,Data!O:O,"<>",Data!$A:$A,$A11,Data!$D:$D,$B$30)-sumifs(Data!O:O,Data!O:O,"<>",Data!$A:$A,$A11,Data!$D:$D,$B$30))/(sumifs(Data!$D:$D,Data!O:O,"<>",Data!$A:$A,$A11,Data!$D:$D,$B$30)-countifs(Data!O:O,"<>",Data!$A:$A,$A11,Data!$D:$D,$B$30))) | N11: =if(COUNTIFS(Data!P:P,"<>",Data!$A:$A,$A11,Data!$D:$D,$B$30)<$B$31,"",(sumifs(Data!$D:$D,Data!P:P,"<>",Data!$A:$A,$A11,Data!$D:$D,$B$30)-sumifs(Data!P:P,Data!P:P,"<>",Data!$A:$A,$A11,Data!$D:$D,$B$30))/(sumifs(Data!$D:$D,Data!P:P,"<>",Data!$A:$A,$A11,Data!$D:$D,$B$30)-countifs(Data!P:P,"<>",Data!$A:$A,$A11,Data!$D:$D,$B$30))) | O11: =if(COUNTIFS(Data!Q:Q,"<>",Data!$A:$A,$A11,Data!$D:$D,$B$30)<$B$31,"",(sumifs(Data!$D:$D,Data!Q:Q,"<>",Data!$A:$A,$A11,Data!$D:$D,$B$30)-sumifs(Data!Q:Q,Data!Q:Q,"<>",Data!$A:$A,$A11,Data!$D:$D,$B$30))/(sumifs(Data!$D:$D,Data!Q:Q,"<>",Data!$A:$A,$A11,Data!$D:$D,$B$30)-countifs(Data!Q:Q,"<>",Data!$A:$A,$A11,Data!$D:$D,$B$30))) | P11: =if(COUNTIFS(Data!R:R,"<>",Data!$A:$A,$A11,Data!$D:$D,$B$30)<$B$31,"",(sumifs(Data!$D:$D,Data!R:R,"<>",Data!$A:$A,$A11,Data!$D:$D,$B$30)-sumifs(Data!R:R,Data!R:R,"<>",Data!$A:$A,$A11,Data!$D:$D,$B$30))/(sumifs(Data!$D:$D,Data!R:R,"<>",Data!$A:$A,$A11,Data!$D:$D,$B$30)-countifs(Data!R:R,"<>",Data!$A:$A,$A11,Data!$D:$D,$B$30))) | Q11: =if(COUNTIFS(Data!S:S,"<>",Data!$A:$A,$A11,Data!$D:$D,$B$30)<$B$31,"",(sumifs(Data!$D:$D,Data!S:S,"<>",Data!$A:$A,$A11,Data!$D:$D,$B$30)-sumifs(Data!S:S,Data!S:S,"<>",Data!$A:$A,$A11,Data!$D:$D,$B$30))/(sumifs(Data!$D:$D,Data!S:S,"<>",Data!$A:$A,$A11,Data!$D:$D,$B$30)-countifs(Data!S:S,"<>",Data!$A:$A,$A11,Data!$D:$D,$B$30))) | R11: =if(COUNTIFS(Data!T:T,"<>",Data!$A:$A,$A11,Data!$D:$D,$B$30)<$B$31,"",(sumifs(Data!$D:$D,Data!T:T,"<>",Data!$A:$A,$A11,Data!$D:$D,$B$30)-sumifs(Data!T:T,Data!T:T,"<>",Data!$A:$A,$A11,Data!$D:$D,$B$30))/(sumifs(Data!$D:$D,Data!T:T,"<>",Data!$A:$A,$A11,Data!$D:$D,$B$30)-countifs(Data!T:T,"<>",Data!$A:$A,$A11,Data!$D:$D,$B$30))) | S11: =if(COUNTIFS(Data!U:U,"<>",Data!$A:$A,$A11,Data!$D:$D,$B$30)<$B$31,"",(sumifs(Data!$D:$D,Data!U:U,"<>",Data!$A:$A,$A11,Data!$D:$D,$B$30)-sumifs(Data!U:U,Data!U:U,"<>",Data!$A:$A,$A11,Data!$D:$D,$B$30))/(sumifs(Data!$D:$D,Data!U:U,"<>",Data!$A:$A,$A11,Data!$D:$D,$B$30)-countifs(Data!U:U,"<>",Data!$A:$A,$A11,Data!$D:$D,$B$30))) | T11: =if(COUNTIFS(Data!V:V,"<>",Data!$A:$A,$A11,Data!$D:$D,$B$30)<$B$31,"",(sumifs(Data!$D:$D,Data!V:V,"<>",Data!$A:$A,$A11,Data!$D:$D,$B$30)-sumifs(Data!V:V,Data!V:V,"<>",Data!$A:$A,$A11,Data!$D:$D,$B$30))/(sumifs(Data!$D:$D,Data!V:V,"<>",Data!$A:$A,$A11,Data!$D:$D,$B$30)-countifs(Data!V:V,"<>",Data!$A:$A,$A11,Data!$D:$D,$B$30)))
A12: Dutch Blitz | B12: =countif(Data!A:A,"="&A12) -> 4 | C12: =if(COUNTIFS(Data!E:E,"<>",Data!$A:$A,$A12,Data!$D:$D,$B$30)<$B$31,"",(sumifs(Data!$D:$D,Data!E:E,"<>",Data!$A:$A,$A12,Data!$D:$D,$B$30)-sumifs(Data!E:E,Data!E:E,"<>",Data!$A:$A,$A12,Data!$D:$D,$B$30))/(sumifs(Data!$D:$D,Data!E:E,"<>",Data!$A:$A,$A12,Data!$D:$D,$B$30)-countifs(Data!E:E,"<>",Data!$A:$A,$A12,Data!$D:$D,$B$30))) | D12: =if(COUNTIFS(Data!F:F,"<>",Data!$A:$A,$A12,Data!$D:$D,$B$30)<$B$31,"",(sumifs(Data!$D:$D,Data!F:F,"<>",Data!$A:$A,$A12,Data!$D:$D,$B$30)-sumifs(Data!F:F,Data!F:F,"<>",Data!$A:$A,$A12,Data!$D:$D,$B$30))/(sumifs(Data!$D:$D,Data!F:F,"<>",Data!$A:$A,$A12,Data!$D:$D,$B$30)-countifs(Data!F:F,"<>",Data!$A:$A,$A12,Data!$D:$D,$B$30))) | E12: =if(COUNTIFS(Data!G:G,"<>",Data!$A:$A,$A12,Data!$D:$D,$B$30)<$B$31,"",(sumifs(Data!$D:$D,Data!G:G,"<>",Data!$A:$A,$A12,Data!$D:$D,$B$30)-sumifs(Data!G:G,Data!G:G,"<>",Data!$A:$A,$A12,Data!$D:$D,$B$30))/(sumifs(Data!$D:$D,Data!G:G,"<>",Data!$A:$A,$A12,Data!$D:$D,$B$30)-countifs(Data!G:G,"<>",Data!$A:$A,$A12,Data!$D:$D,$B$30))) | F12: =if(COUNTIFS(Data!H:H,"<>",Data!$A:$A,$A12,Data!$D:$D,$B$30)<$B$31,"",(sumifs(Data!$D:$D,Data!H:H,"<>",Data!$A:$A,$A12,Data!$D:$D,$B$30)-sumifs(Data!H:H,Data!H:H,"<>",Data!$A:$A,$A12,Data!$D:$D,$B$30))/(sumifs(Data!$D:$D,Data!H:H,"<>",Data!$A:$A,$A12,Data!$D:$D,$B$30)-countifs(Data!H:H,"<>",Data!$A:$A,$A12,Data!$D:$D,$B$30))) | G12: =if(COUNTIFS(Data!I:I,"<>",Data!$A:$A,$A12,Data!$D:$D,$B$30)<$B$31,"",(sumifs(Data!$D:$D,Data!I:I,"<>",Data!$A:$A,$A12,Data!$D:$D,$B$30)-sumifs(Data!I:I,Data!I:I,"<>",Data!$A:$A,$A12,Data!$D:$D,$B$30))/(sumifs(Data!$D:$D,Data!I:I,"<>",Data!$A:$A,$A12,Data!$D:$D,$B$30)-countifs(Data!I:I,"<>",Data!$A:$A,$A12,Data!$D:$D,$B$30))) | H12: =if(COUNTIFS(Data!J:J,"<>",Data!$A:$A,$A12,Data!$D:$D,$B$30)<$B$31,"",(sumifs(Data!$D:$D,Data!J:J,"<>",Data!$A:$A,$A12,Data!$D:$D,$B$30)-sumifs(Data!J:J,Data!J:J,"<>",Data!$A:$A,$A12,Data!$D:$D,$B$30))/(sumifs(Data!$D:$D,Data!J:J,"<>",Data!$A:$A,$A12,Data!$D:$D,$B$30)-countifs(Data!J:J,"<>",Data!$A:$A,$A12,Data!$D:$D,$B$30))) | I12: =if(COUNTIFS(Data!K:K,"<>",Data!$A:$A,$A12,Data!$D:$D,$B$30)<$B$31,"",(sumifs(Data!$D:$D,Data!K:K,"<>",Data!$A:$A,$A12,Data!$D:$D,$B$30)-sumifs(Data!K:K,Data!K:K,"<>",Data!$A:$A,$A12,Data!$D:$D,$B$30))/(sumifs(Data!$D:$D,Data!K:K,"<>",Data!$A:$A,$A12,Data!$D:$D,$B$30)-countifs(Data!K:K,"<>",Data!$A:$A,$A12,Data!$D:$D,$B$30))) | J12: =if(COUNTIFS(Data!L:L,"<>",Data!$A:$A,$A12,Data!$D:$D,$B$30)<$B$31,"",(sumifs(Data!$D:$D,Data!L:L,"<>",Data!$A:$A,$A12,Data!$D:$D,$B$30)-sumifs(Data!L:L,Data!L:L,"<>",Data!$A:$A,$A12,Data!$D:$D,$B$30))/(sumifs(Data!$D:$D,Data!L:L,"<>",Data!$A:$A,$A12,Data!$D:$D,$B$30)-countifs(Data!L:L,"<>",Data!$A:$A,$A12,Data!$D:$D,$B$30))) | K12: =if(COUNTIFS(Data!M:M,"<>",Data!$A:$A,$A12,Data!$D:$D,$B$30)<$B$31,"",(sumifs(Data!$D:$D,Data!M:M,"<>",Data!$A:$A,$A12,Data!$D:$D,$B$30)-sumifs(Data!M:M,Data!M:M,"<>",Data!$A:$A,$A12,Data!$D:$D,$B$30))/(sumifs(Data!$D:$D,Data!M:M,"<>",Data!$A:$A,$A12,Data!$D:$D,$B$30)-countifs(Data!M:M,"<>",Data!$A:$A,$A12,Data!$D:$D,$B$30))) | L12: =if(COUNTIFS(Data!N:N,"<>",Data!$A:$A,$A12,Data!$D:$D,$B$30)<$B$31,"",(sumifs(Data!$D:$D,Data!N:N,"<>",Data!$A:$A,$A12,Data!$D:$D,$B$30)-sumifs(Data!N:N,Data!N:N,"<>",Data!$A:$A,$A12,Data!$D:$D,$B$30))/(sumifs(Data!$D:$D,Data!N:N,"<>",Data!$A:$A,$A12,Data!$D:$D,$B$30)-countifs(Data!N:N,"<>",Data!$A:$A,$A12,Data!$D:$D,$B$30))) | M12: =if(COUNTIFS(Data!O:O,"<>",Data!$A:$A,$A12,Data!$D:$D,$B$30)<$B$31,"",(sumifs(Data!$D:$D,Data!O:O,"<>",Data!$A:$A,$A12,Data!$D:$D,$B$30)-sumifs(Data!O:O,Data!O:O,"<>",Data!$A:$A,$A12,Data!$D:$D,$B$30))/(sumifs(Data!$D:$D,Data!O:O,"<>",Data!$A:$A,$A12,Data!$D:$D,$B$30)-countifs(Data!O:O,"<>",Data!$A:$A,$A12,Data!$D:$D,$B$30))) | N12: =if(COUNTIFS(Data!P:P,"<>",Data!$A:$A,$A12,Data!$D:$D,$B$30)<$B$31,"",(sumifs(Data!$D:$D,Data!P:P,"<>",Data!$A:$A,$A12,Data!$D:$D,$B$30)-sumifs(Data!P:P,Data!P:P,"<>",Data!$A:$A,$A12,Data!$D:$D,$B$30))/(sumifs(Data!$D:$D,Data!P:P,"<>",Data!$A:$A,$A12,Data!$D:$D,$B$30)-countifs(Data!P:P,"<>",Data!$A:$A,$A12,Data!$D:$D,$B$30))) | O12: =if(COUNTIFS(Data!Q:Q,"<>",Data!$A:$A,$A12,Data!$D:$D,$B$30)<$B$31,"",(sumifs(Data!$D:$D,Data!Q:Q,"<>",Data!$A:$A,$A12,Data!$D:$D,$B$30)-sumifs(Data!Q:Q,Data!Q:Q,"<>",Data!$A:$A,$A12,Data!$D:$D,$B$30))/(sumifs(Data!$D:$D,Data!Q:Q,"<>",Data!$A:$A,$A12,Data!$D:$D,$B$30)-countifs(Data!Q:Q,"<>",Data!$A:$A,$A12,Data!$D:$D,$B$30))) | P12: =if(COUNTIFS(Data!R:R,"<>",Data!$A:$A,$A12,Data!$D:$D,$B$30)<$B$31,"",(sumifs(Data!$D:$D,Data!R:R,"<>",Data!$A:$A,$A12,Data!$D:$D,$B$30)-sumifs(Data!R:R,Data!R:R,"<>",Data!$A:$A,$A12,Data!$D:$D,$B$30))/(sumifs(Data!$D:$D,Data!R:R,"<>",Data!$A:$A,$A12,Data!$D:$D,$B$30)-countifs(Data!R:R,"<>",Data!$A:$A,$A12,Data!$D:$D,$B$30))) | Q12: =if(COUNTIFS(Data!S:S,"<>",Data!$A:$A,$A12,Data!$D:$D,$B$30)<$B$31,"",(sumifs(Data!$D:$D,Data!S:S,"<>",Data!$A:$A,$A12,Data!$D:$D,$B$30)-sumifs(Data!S:S,Data!S:S,"<>",Data!$A:$A,$A12,Data!$D:$D,$B$30))/(sumifs(Data!$D:$D,Data!S:S,"<>",Data!$A:$A,$A12,Data!$D:$D,$B$30)-countifs(Data!S:S,"<>",Data!$A:$A,$A12,Data!$D:$D,$B$30))) | R12: =if(COUNTIFS(Data!T:T,"<>",Data!$A:$A,$A12,Data!$D:$D,$B$30)<$B$31,"",(sumifs(Data!$D:$D,Data!T:T,"<>",Data!$A:$A,$A12,Data!$D:$D,$B$30)-sumifs(Data!T:T,Data!T:T,"<>",Data!$A:$A,$A12,Data!$D:$D,$B$30))/(sumifs(Data!$D:$D,Data!T:T,"<>",Data!$A:$A,$A12,Data!$D:$D,$B$30)-countifs(Data!T:T,"<>",Data!$A:$A,$A12,Data!$D:$D,$B$30))) | S12: =if(COUNTIFS(Data!U:U,"<>",Data!$A:$A,$A12,Data!$D:$D,$B$30)<$B$31,"",(sumifs(Data!$D:$D,Data!U:U,"<>",Data!$A:$A,$A12,Data!$D:$D,$B$30)-sumifs(Data!U:U,Data!U:U,"<>",Data!$A:$A,$A12,Data!$D:$D,$B$30))/(sumifs(Data!$D:$D,Data!U:U,"<>",Data!$A:$A,$A12,Data!$D:$D,$B$30)-countifs(Data!U:U,"<>",Data!$A:$A,$A12,Data!$D:$D,$B$30))) | T12: =if(COUNTIFS(Data!V:V,"<>",Data!$A:$A,$A12,Data!$D:$D,$B$30)<$B$31,"",(sumifs(Data!$D:$D,Data!V:V,"<>",Data!$A:$A,$A12,Data!$D:$D,$B$30)-sumifs(Data!V:V,Data!V:V,"<>",Data!$A:$A,$A12,Data!$D:$D,$B$30))/(sumifs(Data!$D:$D,Data!V:V,"<>",Data!$A:$A,$A12,Data!$D:$D,$B$30)-countifs(Data!V:V,"<>",Data!$A:$A,$A12,Data!$D:$D,$B$30)))
A13: Catan | B13: =countif(Data!A:A,"="&A13) -> 24 | C13: =if(COUNTIFS(Data!E:E,"<>",Data!$A:$A,$A13,Data!$D:$D,$B$30)<$B$31,"",(sumifs(Data!$D:$D,Data!E:E,"<>",Data!$A:$A,$A13,Data!$D:$D,$B$30)-sumifs(Data!E:E,Data!E:E,"<>",Data!$A:$A,$A13,Data!$D:$D,$B$30))/(sumifs(Data!$D:$D,Data!E:E,"<>",Data!$A:$A,$A13,Data!$D:$D,$B$30)-countifs(Data!E:E,"<>",Data!$A:$A,$A13,Data!$D:$D,$B$30))) -> 0.52380952 | D13: =if(COUNTIFS(Data!F:F,"<>",Data!$A:$A,$A13,Data!$D:$D,$B$30)<$B$31,"",(sumifs(Data!$D:$D,Data!F:F,"<>",Data!$A:$A,$A13,Data!$D:$D,$B$30)-sumifs(Data!F:F,Data!F:F,"<>",Data!$A:$A,$A13,Data!$D:$D,$B$30))/(sumifs(Data!$D:$D,Data!F:F,"<>",Data!$A:$A,$A13,Data!$D:$D,$B$30)-countifs(Data!F:F,"<>",Data!$A:$A,$A13,Data!$D:$D,$B$30))) -> 0.5 | E13: =if(COUNTIFS(Data!G:G,"<>",Data!$A:$A,$A13,Data!$D:$D,$B$30)<$B$31,"",(sumifs(Data!$D:$D,Data!G:G,"<>",Data!$A:$A,$A13,Data!$D:$D,$B$30)-sumifs(Data!G:G,Data!G:G,"<>",Data!$A:$A,$A13,Data!$D:$D,$B$30))/(sumifs(Data!$D:$D,Data!G:G,"<>",Data!$A:$A,$A13,Data!$D:$D,$B$30)-countifs(Data!G:G,"<>",Data!$A:$A,$A13,Data!$D:$D,$B$30))) | F13: =if(COUNTIFS(Data!H:H,"<>",Data!$A:$A,$A13,Data!$D:$D,$B$30)<$B$31,"",(sumifs(Data!$D:$D,Data!H:H,"<>",Data!$A:$A,$A13,Data!$D:$D,$B$30)-sumifs(Data!H:H,Data!H:H,"<>",Data!$A:$A,$A13,Data!$D:$D,$B$30))/(sumifs(Data!$D:$D,Data!H:H,"<>",Data!$A:$A,$A13,Data!$D:$D,$B$30)-countifs(Data!H:H,"<>",Data!$A:$A,$A13,Data!$D:$D,$B$30))) -> 0.625 | G13: =if(COUNTIFS(Data!I:I,"<>",Data!$A:$A,$A13,Data!$D:$D,$B$30)<$B$31,"",(sumifs(Data!$D:$D,Data!I:I,"<>",Data!$A:$A,$A13,Data!$D:$D,$B$30)-sumifs(Data!I:I,Data!I:I,"<>",Data!$A:$A,$A13,Data!$D:$D,$B$30))/(sumifs(Data!$D:$D,Data!I:I,"<>",Data!$A:$A,$A13,Data!$D:$D,$B$30)-countifs(Data!I:I,"<>",Data!$A:$A,$A13,Data!$D:$D,$B$30))) | H13: =if(COUNTIFS(Data!J:J,"<>",Data!$A:$A,$A13,Data!$D:$D,$B$30)<$B$31,"",(sumifs(Data!$D:$D,Data!J:J,"<>",Data!$A:$A,$A13,Data!$D:$D,$B$30)-sumifs(Data!J:J,Data!J:J,"<>",Data!$A:$A,$A13,Data!$D:$D,$B$30))/(sumifs(Data!$D:$D,Data!J:J,"<>",Data!$A:$A,$A13,Data!$D:$D,$B$30)-countifs(Data!J:J,"<>",Data!$A:$A,$A13,Data!$D:$D,$B$30))) | I13: =if(COUNTIFS(Data!K:K,"<>",Data!$A:$A,$A13,Data!$D:$D,$B$30)<$B$31,"",(sumifs(Data!$D:$D,Data!K:K,"<>",Data!$A:$A,$A13,Data!$D:$D,$B$30)-sumifs(Data!K:K,Data!K:K,"<>",Data!$A:$A,$A13,Data!$D:$D,$B$30))/(sumifs(Data!$D:$D,Data!K:K,"<>",Data!$A:$A,$A13,Data!$D:$D,$B$30)-countifs(Data!K:K,"<>",Data!$A:$A,$A13,Data!$D:$D,$B$30))) | J13: =if(COUNTIFS(Data!L:L,"<>",Data!$A:$A,$A13,Data!$D:$D,$B$30)<$B$31,"",(sumifs(Data!$D:$D,Data!L:L,"<>",Data!$A:$A,$A13,Data!$D:$D,$B$30)-sumifs(Data!L:L,Data!L:L,"<>",Data!$A:$A,$A13,Data!$D:$D,$B$30))/(sumifs(Data!$D:$D,Data!L:L,"<>",Data!$A:$A,$A13,Data!$D:$D,$B$30)-countifs(Data!L:L,"<>",Data!$A:$A,$A13,Data!$D:$D,$B$30))) | K13: =if(COUNTIFS(Data!M:M,"<>",Data!$A:$A,$A13,Data!$D:$D,$B$30)<$B$31,"",(sumifs(Data!$D:$D,Data!M:M,"<>",Data!$A:$A,$A13,Data!$D:$D,$B$30)-sumifs(Data!M:M,Data!M:M,"<>",Data!$A:$A,$A13,Data!$D:$D,$B$30))/(sumifs(Data!$D:$D,Data!M:M,"<>",Data!$A:$A,$A13,Data!$D:$D,$B$30)-countifs(Data!M:M,"<>",Data!$A:$A,$A13,Data!$D:$D,$B$30))) | L13: =if(COUNTIFS(Data!N:N,"<>",Data!$A:$A,$A13,Data!$D:$D,$B$30)<$B$31,"",(sumifs(Data!$D:$D,Data!N:N,"<>",Data!$A:$A,$A13,Data!$D:$D,$B$30)-sumifs(Data!N:N,Data!N:N,"<>",Data!$A:$A,$A13,Data!$D:$D,$B$30))/(sumifs(Data!$D:$D,Data!N:N,"<>",Data!$A:$A,$A13,Data!$D:$D,$B$30)-countifs(Data!N:N,"<>",Data!$A:$A,$A13,Data!$D:$D,$B$30))) | M13: =if(COUNTIFS(Data!O:O,"<>",Data!$A:$A,$A13,Data!$D:$D,$B$30)<$B$31,"",(sumifs(Data!$D:$D,Data!O:O,"<>",Data!$A:$A,$A13,Data!$D:$D,$B$30)-sumifs(Data!O:O,Data!O:O,"<>",Data!$A:$A,$A13,Data!$D:$D,$B$30))/(sumifs(Data!$D:$D,Data!O:O,"<>",Data!$A:$A,$A13,Data!$D:$D,$B$30)-countifs(Data!O:O,"<>",Data!$A:$A,$A13,Data!$D:$D,$B$30))) | N13: =if(COUNTIFS(Data!P:P,"<>",Data!$A:$A,$A13,Data!$D:$D,$B$30)<$B$31,"",(sumifs(Data!$D:$D,Data!P:P,"<>",Data!$A:$A,$A13,Data!$D:$D,$B$30)-sumifs(Data!P:P,Data!P:P,"<>",Data!$A:$A,$A13,Data!$D:$D,$B$30))/(sumifs(Data!$D:$D,Data!P:P,"<>",Data!$A:$A,$A13,Data!$D:$D,$B$30)-countifs(Data!P:P,"<>",Data!$A:$A,$A13,Data!$D:$D,$B$30))) | O13: =if(COUNTIFS(Data!Q:Q,"<>",Data!$A:$A,$A13,Data!$D:$D,$B$30)<$B$31,"",(sumifs(Data!$D:$D,Data!Q:Q,"<>",Data!$A:$A,$A13,Data!$D:$D,$B$30)-sumifs(Data!Q:Q,Data!Q:Q,"<>",Data!$A:$A,$A13,Data!$D:$D,$B$30))/(sumifs(Data!$D:$D,Data!Q:Q,"<>",Data!$A:$A,$A13,Data!$D:$D,$B$30)-countifs(Data!Q:Q,"<>",Data!$A:$A,$A13,Data!$D:$D,$B$30))) | P13: =if(COUNTIFS(Data!R:R,"<>",Data!$A:$A,$A13,Data!$D:$D,$B$30)<$B$31,"",(sumifs(Data!$D:$D,Data!R:R,"<>",Data!$A:$A,$A13,Data!$D:$D,$B$30)-sumifs(Data!R:R,Data!R:R,"<>",Data!$A:$A,$A13,Data!$D:$D,$B$30))/(sumifs(Data!$D:$D,Data!R:R,"<>",Data!$A:$A,$A13,Data!$D:$D,$B$30)-countifs(Data!R:R,"<>",Data!$A:$A,$A13,Data!$D:$D,$B$30))) | Q13: =if(COUNTIFS(Data!S:S,"<>",Data!$A:$A,$A13,Data!$D:$D,$B$30)<$B$31,"",(sumifs(Data!$D:$D,Data!S:S,"<>",Data!$A:$A,$A13,Data!$D:$D,$B$30)-sumifs(Data!S:S,Data!S:S,"<>",Data!$A:$A,$A13,Data!$D:$D,$B$30))/(sumifs(Data!$D:$D,Data!S:S,"<>",Data!$A:$A,$A13,Data!$D:$D,$B$30)-countifs(Data!S:S,"<>",Data!$A:$A,$A13,Data!$D:$D,$B$30))) | R13: =if(COUNTIFS(Data!T:T,"<>",Data!$A:$A,$A13,Data!$D:$D,$B$30)<$B$31,"",(sumifs(Data!$D:$D,Data!T:T,"<>",Data!$A:$A,$A13,Data!$D:$D,$B$30)-sumifs(Data!T:T,Data!T:T,"<>",Data!$A:$A,$A13,Data!$D:$D,$B$30))/(sumifs(Data!$D:$D,Data!T:T,"<>",Data!$A:$A,$A13,Data!$D:$D,$B$30)-countifs(Data!T:T,"<>",Data!$A:$A,$A13,Data!$D:$D,$B$30))) | S13: =if(COUNTIFS(Data!U:U,"<>",Data!$A:$A,$A13,Data!$D:$D,$B$30)<$B$31,"",(sumifs(Data!$D:$D,Data!U:U,"<>",Data!$A:$A,$A13,Data!$D:$D,$B$30)-sumifs(Data!U:U,Data!U:U,"<>",Data!$A:$A,$A13,Data!$D:$D,$B$30))/(sumifs(Data!$D:$D,Data!U:U,"<>",Data!$A:$A,$A13,Data!$D:$D,$B$30)-countifs(Data!U:U,"<>",Data!$A:$A,$A13,Data!$D:$D,$B$30))) | T13: =if(COUNTIFS(Data!V:V,"<>",Data!$A:$A,$A13,Data!$D:$D,$B$30)<$B$31,"",(sumifs(Data!$D:$D,Data!V:V,"<>",Data!$A:$A,$A13,Data!$D:$D,$B$30)-sumifs(Data!V:V,Data!V:V,"<>",Data!$A:$A,$A13,Data!$D:$D,$B$30))/(sumifs(Data!$D:$D,Data!V:V,"<>",Data!$A:$A,$A13,Data!$D:$D,$B$30)-countifs(Data!V:V,"<>",Data!$A:$A,$A13,Data!$D:$D,$B$30)))
... A24: Sagrada | B24: =countif(Data!A:A,"="&A24) -> 3 | C24: =if(COUNTIFS(Data!E:E,"<>",Data!$A:$A,$A24,Data!$D:$D,$B$30)<$B$31,"",(sumifs(Data!$D:$D,Data!E:E,"<>",Data!$A:$A,$A24,Data!$D:$D,$B$30)-sumifs(Data!E:E,Data!E:E,"<>",Data!$A:$A,$A24,Data!$D:$D,$B$30))/(sumifs(Data!$D:$D,Data!E:E,"<>",Data!$A:$A,$A24,Data!$D:$D,$B$30)-countifs(Data!E:E,"<>",Data!$A:$A,$A24,Data!$D:$D,$B$30))) | D24: =if(COUNTIFS(Data!F:F,"<>",Data!$A:$A,$A24,Data!$D:$D,$B$30)<$B$31,"",(sumifs(Data!$D:$D,Data!F:F,"<>",Data!$A:$A,$A24,Data!$D:$D,$B$30)-sumifs(Data!F:F,Data!F:F,"<>",Data!$A:$A,$A24,Data!$D:$D,$B$30))/(sumifs(Data!$D:$D,Data!F:F,"<>",Data!$A:$A,$A24,Data!$D:$D,$B$30)-countifs(Data!F:F,"<>",Data!$A:$A,$A24,Data!$D:$D,$B$30))) | E24: =if(COUNTIFS(Data!G:G,"<>",Data!$A:$A,$A24,Data!$D:$D,$B$30)<$B$31,"",(sumifs(Data!$D:$D,Data!G:G,"<>",Data!$A:$A,$A24,Data!$D:$D,$B$30)-sumifs(Data!G:G,Data!G:G,"<>",Data!$A:$A,$A24,Data!$D:$D,$B$30))/(sumifs(Data!$D:$D,Data!G:G,"<>",Data!$A:$A,$A24,Data!$D:$D,$B$30)-countifs(Data!G:G,"<>",Data!$A:$A,$A24,Data!$D:$D,$B$30))) | F24: =if(COUNTIFS(Data!H:H,"<>",Data!$A:$A,$A24,Data!$D:$D,$B$30)<$B$31,"",(sumifs(Data!$D:$D,Data!H:H,"<>",Data!$A:$A,$A24,Data!$D:$D,$B$30)-sumifs(Data!H:H,Data!H:H,"<>",Data!$A:$A,$A24,Data!$D:$D,$B$30))/(sumifs(Data!$D:$D,Data!H:H,"<>",Data!$A:$A,$A24,Data!$D:$D,$B$30)-countifs(Data!H:H,"<>",Data!$A:$A,$A24,Data!$D:$D,$B$30))) | G24: =if(COUNTIFS(Data!I:I,"<>",Data!$A:$A,$A24,Data!$D:$D,$B$30)<$B$31,"",(sumifs(Data!$D:$D,Data!I:I,"<>",Data!$A:$A,$A24,Data!$D:$D,$B$30)-sumifs(Data!I:I,Data!I:I,"<>",Data!$A:$A,$A24,Data!$D:$D,$B$30))/(sumifs(Data!$D:$D,Data!I:I,"<>",Data!$A:$A,$A24,Data!$D:$D,$B$30)-countifs(Data!I:I,"<>",Data!$A:$A,$A24,Data!$D:$D,$B$30))) | H24: =if(COUNTIFS(Data!J:J,"<>",Data!$A:$A,$A24,Data!$D:$D,$B$30)<$B$31,"",(sumifs(Data!$D:$D,Data!J:J,"<>",Data!$A:$A,$A24,Data!$D:$D,$B$30)-sumifs(Data!J:J,Data!J:J,"<>",Data!$A:$A,$A24,Data!$D:$D,$B$30))/(sumifs(Data!$D:$D,Data!J:J,"<>",Data!$A:$A,$A24,Data!$D:$D,$B$30)-countifs(Data!J:J,"<>",Data!$A:$A,$A24,Data!$D:$D,$B$30))) | I24: =if(COUNTIFS(Data!K:K,"<>",Data!$A:$A,$A24,Data!$D:$D,$B$30)<$B$31,"",(sumifs(Data!$D:$D,Data!K:K,"<>",Data!$A:$A,$A24,Data!$D:$D,$B$30)-sumifs(Data!K:K,Data!K:K,"<>",Data!$A:$A,$A24,Data!$D:$D,$B$30))/(sumifs(Data!$D:$D,Data!K:K,"<>",Data!$A:$A,$A24,Data!$D:$D,$B$30)-countifs(Data!K:K,"<>",Data!$A:$A,$A24,Data!$D:$D,$B$30))) | J24: =if(COUNTIFS(Data!L:L,"<>",Data!$A:$A,$A24,Data!$D:$D,$B$30)<$B$31,"",(sumifs(Data!$D:$D,Data!L:L,"<>",Data!$A:$A,$A24,Data!$D:$D,$B$30)-sumifs(Data!L:L,Data!L:L,"<>",Data!$A:$A,$A24,Data!$D:$D,$B$30))/(sumifs(Data!$D:$D,Data!L:L,"<>",Data!$A:$A,$A24,Data!$D:$D,$B$30)-countifs(Data!L:L,"<>",Data!$A:$A,$A24,Data!$D:$D,$B$30))) | K24: =if(COUNTIFS(Data!M:M,"<>",Data!$A:$A,$A24,Data!$D:$D,$B$30)<$B$31,"",(sumifs(Data!$D:$D,Data!M:M,"<>",Data!$A:$A,$A24,Data!$D:$D,$B$30)-sumifs(Data!M:M,Data!M:M,"<>",Data!$A:$A,$A24,Data!$D:$D,$B$30))/(sumifs(Data!$D:$D,Data!M:M,"<>",Data!$A:$A,$A24,Data!$D:$D,$B$30)-countifs(Data!M:M,"<>",Data!$A:$A,$A24,Data!$D:$D,$B$30))) | L24: =if(COUNTIFS(Data!N:N,"<>",Data!$A:$A,$A24,Data!$D:$D,$B$30)<$B$31,"",(sumifs(Data!$D:$D,Data!N:N,"<>",Data!$A:$A,$A24,Data!$D:$D,$B$30)-sumifs(Data!N:N,Data!N:N,"<>",Data!$A:$A,$A24,Data!$D:$D,$B$30))/(sumifs(Data!$D:$D,Data!N:N,"<>",Data!$A:$A,$A24,Data!$D:$D,$B$30)-countifs(Data!N:N,"<>",Data!$A:$A,$A24,Data!$D:$D,$B$30))) | M24: =if(COUNTIFS(Data!O:O,"<>",Data!$A:$A,$A24,Data!$D:$D,$B$30)<$B$31,"",(sumifs(Data!$D:$D,Data!O:O,"<>",Data!$A:$A,$A24,Data!$D:$D,$B$30)-sumifs(Data!O:O,Data!O:O,"<>",Data!$A:$A,$A24,Data!$D:$D,$B$30))/(sumifs(Data!$D:$D,Data!O:O,"<>",Data!$A:$A,$A24,Data!$D:$D,$B$30)-countifs(Data!O:O,"<>",Data!$A:$A,$A24,Data!$D:$D,$B$30))) | N24: =if(COUNTIFS(Data!P:P,"<>",Data!$A:$A,$A24,Data!$D:$D,$B$30)<$B$31,"",(sumifs(Data!$D:$D,Data!P:P,"<>",Data!$A:$A,$A24,Data!$D:$D,$B$30)-sumifs(Data!P:P,Data!P:P,"<>",Data!$A:$A,$A24,Data!$D:$D,$B$30))/(sumifs(Data!$D:$D,Data!P:P,"<>",Data!$A:$A,$A24,Data!$D:$D,$B$30)-countifs(Data!P:P,"<>",Data!$A:$A,$A24,Data!$D:$D,$B$30))) | O24: =if(COUNTIFS(Data!Q:Q,"<>",Data!$A:$A,$A24,Data!$D:$D,$B$30)<$B$31,"",(sumifs(Data!$D:$D,Data!Q:Q,"<>",Data!$A:$A,$A24,Data!$D:$D,$B$30)-sumifs(Data!Q:Q,Data!Q:Q,"<>",Data!$A:$A,$A24,Data!$D:$D,$B$30))/(sumifs(Data!$D:$D,Data!Q:Q,"<>",Data!$A:$A,$A24,Data!$D:$D,$B$30)-countifs(Data!Q:Q,"<>",Data!$A:$A,$A24,Data!$D:$D,$B$30))) | P24: =if(COUNTIFS(Data!R:R,"<>",Data!$A:$A,$A24,Data!$D:$D,$B$30)<$B$31,"",(sumifs(Data!$D:$D,Data!R:R,"<>",Data!$A:$A,$A24,Data!$D:$D,$B$30)-sumifs(Data!R:R,Data!R:R,"<>",Data!$A:$A,$A24,Data!$D:$D,$B$30))/(sumifs(Data!$D:$D,Data!R:R,"<>",Data!$A:$A,$A24,Data!$D:$D,$B$30)-countifs(Data!R:R,"<>",Data!$A:$A,$A24,Data!$D:$D,$B$30))) | Q24: =if(COUNTIFS(Data!S:S,"<>",Data!$A:$A,$A24,Data!$D:$D,$B$30)<$B$31,"",(sumifs(Data!$D:$D,Data!S:S,"<>",Data!$A:$A,$A24,Data!$D:$D,$B$30)-sumifs(Data!S:S,Data!S:S,"<>",Data!$A:$A,$A24,Data!$D:$D,$B$30))/(sumifs(Data!$D:$D,Data!S:S,"<>",Data!$A:$A,$A24,Data!$D:$D,$B$30)-countifs(Data!S:S,"<>",Data!$A:$A,$A24,Data!$D:$D,$B$30))) | R24: =if(COUNTIFS(Data!T:T,"<>",Data!$A:$A,$A24,Data!$D:$D,$B$30)<$B$31,"",(sumifs(Data!$D:$D,Data!T:T,"<>",Data!$A:$A,$A24,Data!$D:$D,$B$30)-sumifs(Data!T:T,Data!T:T,"<>",Data!$A:$A,$A24,Data!$D:$D,$B$30))/(sumifs(Data!$D:$D,Data!T:T,"<>",Data!$A:$A,$A24,Data!$D:$D,$B$30)-countifs(Data!T:T,"<>",Data!$A:$A,$A24,Data!$D:$D,$B$30))) | S24: =if(COUNTIFS(Data!U:U,"<>",Data!$A:$A,$A24,Data!$D:$D,$B$30)<$B$31,"",(sumifs(Data!$D:$D,Data!U:U,"<>",Data!$A:$A,$A24,Data!$D:$D,$B$30)-sumifs(Data!U:U,Data!U:U,"<>",Data!$A:$A,$A24,Data!$D:$D,$B$30))/(sumifs(Data!$D:$D,Data!U:U,"<>",Data!$A:$A,$A24,Data!$D:$D,$B$30)-countifs(Data!U:U,"<>",Data!$A:$A,$A24,Data!$D:$D,$B$30))) | T24: =if(COUNTIFS(Data!V:V,"<>",Data!$A:$A,$A24,Data!$D:$D,$B$30)<$B$31,"",(sumifs(Data!$D:$D,Data!V:V,"<>",Data!$A:$A,$A24,Data!$D:$D,$B$30)-sumifs(Data!V:V,Data!V:V,"<>",Data!$A:$A,$A24,Data!$D:$D,$B$30))/(sumifs(Data!$D:$D,Data!V:V,"<>",Data!$A:$A,$A24,Data!$D:$D,$B$30)-countifs(Data!V:V,"<>",Data!$A:$A,$A24,Data!$D:$D,$B$30)))
C25: =AVERAGE(Data!E:E) -> 2.107084 | D25: =AVERAGE(Data!F:F) -> 1.9799331 | E25: =AVERAGE(Data!G:G) -> 2.0977918 | F25: =AVERAGE(Data!H:H) -> 2.2261484 | G25: =AVERAGE(Data!I:I) -> 2.8333333 | H25: =AVERAGE(Data!J:J) -> 3 | I25: =AVERAGE(Data!K:K) -> 2.3703704 | J25: =AVERAGE(Data!L:L) -> 2.8888889 | K25: =AVERAGE(Data!M:M) -> 2.3333333 | L25: =AVERAGE(Data!N:N) -> 3.25 | M25: =AVERAGE(Data!O:O) -> 4 | N25: =AVERAGE(Data!P:P) -> 1 | O25: =AVERAGE(Data!Q:Q) -> 2 | P25: =AVERAGE(Data!R:R) -> 2.6666667 | Q25: =AVERAGE(Data!S:S) -> 3.6666667 | R25: =AVERAGE(Data!T:T) -> 4 | S25: =AVERAGE(Data!U:U) -> 2 | T25: =AVERAGE(Data!V:V) -> 2.76
A27: With Criteria | C27: =if(COUNTIFS(Data!E:E,"<>",Data!$D:$D,$B$30)<$B$31,"",(sumifs(Data!$D:$D,Data!E:E,"<>",Data!$D:$D,$B$30)-sumifs(Data!E:E,Data!E:E,"<>",Data!$D:$D,$B$30))/(sumifs(Data!$D:$D,Data!E:E,"<>",Data!$D:$D,$B$30)-countifs(Data!E:E,"<>",Data!$D:$D,$B$30))) -> 0.48353909 | D27: =if(COUNTIFS(Data!F:F,"<>",Data!$D:$D,$B$30)<$B$31,"",(sumifs(Data!$D:$D,Data!F:F,"<>",Data!$D:$D,$B$30)-sumifs(Data!F:F,Data!F:F,"<>",Data!$D:$D,$B$30))/(sumifs(Data!$D:$D,Data!F:F,"<>",Data!$D:$D,$B$30)-countifs(Data!F:F,"<>",Data!$D:$D,$B$30))) -> 0.54288703 | E27: =if(COUNTIFS(Data!G:G,"<>",Data!$D:$D,$B$30)<$B$31,"",(sumifs(Data!$D:$D,Data!G:G,"<>",Data!$D:$D,$B$30)-sumifs(Data!G:G,Data!G:G,"<>",Data!$D:$D,$B$30))/(sumifs(Data!$D:$D,Data!G:G,"<>",Data!$D:$D,$B$30)-countifs(Data!G:G,"<>",Data!$D:$D,$B$30))) -> 0.49801587 | F27: =if(COUNTIFS(Data!H:H,"<>",Data!$D:$D,$B$30)<$B$31,"",(sumifs(Data!$D:$D,Data!H:H,"<>",Data!$D:$D,$B$30)-sumifs(Data!H:H,Data!H:H,"<>",Data!$D:$D,$B$30))/(sumifs(Data!$D:$D,Data!H:H,"<>",Data!$D:$D,$B$30)-countifs(Data!H:H,"<>",Data!$D:$D,$B$30))) -> 0.46744186 | G27: =if(COUNTIFS(Data!I:I,"<>",Data!$D:$D,$B$30)<$B$31,"",(sumifs(Data!$D:$D,Data!I:I,"<>",Data!$D:$D,$B$30)-sumifs(Data!I:I,Data!I:I,"<>",Data!$D:$D,$B$30))/(sumifs(Data!$D:$D,Data!I:I,"<>",Data!$D:$D,$B$30)-countifs(Data!I:I,"<>",Data!$D:$D,$B$30))) | H27: =if(COUNTIFS(Data!J:J,"<>",Data!$D:$D,$B$30)<$B$31,"",(sumifs(Data!$D:$D,Data!J:J,"<>",Data!$D:$D,$B$30)-sumifs(Data!J:J,Data!J:J,"<>",Data!$D:$D,$B$30))/(sumifs(Data!$D:$D,Data!J:J,"<>",Data!$D:$D,$B$30)-countifs(Data!J:J,"<>",Data!$D:$D,$B$30))) | I27: =if(COUNTIFS(Data!K:K,"<>",Data!$D:$D,$B$30)<$B$31,"",(sumifs(Data!$D:$D,Data!K:K,"<>",Data!$D:$D,$B$30)-sumifs(Data!K:K,Data!K:K,"<>",Data!$D:$D,$B$30))/(sumifs(Data!$D:$D,Data!K:K,"<>",Data!$D:$D,$B$30)-countifs(Data!K:K,"<>",Data!$D:$D,$B$30))) -> 0.35 | J27: =if(COUNTIFS(Data!L:L,"<>",Data!$D:$D,$B$30)<$B$31,"",(sumifs(Data!$D:$D,Data!L:L,"<>",Data!$D:$D,$B$30)-sumifs(Data!L:L,Data!L:L,"<>",Data!$D:$D,$B$30))/(sumifs(Data!$D:$D,Data!L:L,"<>",Data!$D:$D,$B$30)-countifs(Data!L:L,"<>",Data!$D:$D,$B$30))) | K27: =if(COUNTIFS(Data!M:M,"<>",Data!$D:$D,$B$30)<$B$31,"",(sumifs(Data!$D:$D,Data!M:M,"<>",Data!$D:$D,$B$30)-sumifs(Data!M:M,Data!M:M,"<>",Data!$D:$D,$B$30))/(sumifs(Data!$D:$D,Data!M:M,"<>",Data!$D:$D,$B$30)-countifs(Data!M:M,"<>",Data!$D:$D,$B$30))) | L27: =if(COUNTIFS(Data!N:N,"<>",Data!$D:$D,$B$30)<$B$31,"",(sumifs(Data!$D:$D,Data!N:N,"<>",Data!$D:$D,$B$30)-sumifs(Data!N:N,Data!N:N,"<>",Data!$D:$D,$B$30))/(sumifs(Data!$D:$D,Data!N:N,"<>",Data!$D:$D,$B$30)-countifs(Data!N:N,"<>",Data!$D:$D,$B$30))) | M27: =if(COUNTIFS(Data!O:O,"<>",Data!$D:$D,$B$30)<$B$31,"",(sumifs(Data!$D:$D,Data!O:O,"<>",Data!$D:$D,$B$30)-sumifs(Data!O:O,Data!O:O,"<>",Data!$D:$D,$B$30))/(sumifs(Data!$D:$D,Data!O:O,"<>",Data!$D:$D,$B$30)-countifs(Data!O:O,"<>",Data!$D:$D,$B$30))) | N27: =if(COUNTIFS(Data!P:P,"<>",Data!$D:$D,$B$30)<$B$31,"",(sumifs(Data!$D:$D,Data!P:P,"<>",Data!$D:$D,$B$30)-sumifs(Data!P:P,Data!P:P,"<>",Data!$D:$D,$B$30))/(sumifs(Data!$D:$D,Data!P:P,"<>",Data!$D:$D,$B$30)-countifs(Data!P:P,"<>",Data!$D:$D,$B$30))) | O27: =if(COUNTIFS(Data!Q:Q,"<>",Data!$D:$D,$B$30)<$B$31,"",(sumifs(Data!$D:$D,Data!Q:Q,"<>",Data!$D:$D,$B$30)-sumifs(Data!Q:Q,Data!Q:Q,"<>",Data!$D:$D,$B$30))/(sumifs(Data!$D:$D,Data!Q:Q,"<>",Data!$D:$D,$B$30)-countifs(Data!Q:Q,"<>",Data!$D:$D,$B$30))) | P27: =if(COUNTIFS(Data!R:R,"<>",Data!$D:$D,$B$30)<$B$31,"",(sumifs(Data!$D:$D,Data!R:R,"<>",Data!$D:$D,$B$30)-sumifs(Data!R:R,Data!R:R,"<>",Data!$D:$D,$B$30))/(sumifs(Data!$D:$D,Data!R:R,"<>",Data!$D:$D,$B$30)-countifs(Data!R:R,"<>",Data!$D:$D,$B$30))) | Q27: =if(COUNTIFS(Data!S:S,"<>",Data!$D:$D,$B$30)<$B$31,"",(sumifs(Data!$D:$D,Data!S:S,"<>",Data!$D:$D,$B$30)-sumifs(Data!S:S,Data!S:S,"<>",Data!$D:$D,$B$30))/(sumifs(Data!$D:$D,Data!S:S,"<>",Data!$D:$D,$B$30)-countifs(Data!S:S,"<>",Data!$D:$D,$B$30))) | R27: =if(COUNTIFS(Data!T:T,"<>",Data!$D:$D,$B$30)<$B$31,"",(sumifs(Data!$D:$D,Data!T:T,"<>",Data!$D:$D,$B$30)-sumifs(Data!T:T,Data!T:T,"<>",Data!$D:$D,$B$30))/(sumifs(Data!$D:$D,Data!T:T,"<>",Data!$D:$D,$B$30)-countifs(Data!T:T,"<>",Data!$D:$D,$B$30))) | S27: =if(COUNTIFS(Data!U:U,"<>",Data!$D:$D,$B$30)<$B$31,"",(sumifs(Data!$D:$D,Data!U:U,"<>",Data!$D:$D,$B$30)-sumifs(Data!U:U,Data!U:U,"<>",Data!$D:$D,$B$30))/(sumifs(Data!$D:$D,Data!U:U,"<>",Data!$D:$D,$B$30)-countifs(Data!U:U,"<>",Data!$D:$D,$B$30))) | T27: =if(COUNTIFS(Data!V:V,"<>",Data!$D:$D,$B$30)<$B$31,"",(sumifs(Data!$D:$D,Data!V:V,"<>",Data!$D:$D,$B$30)-sumifs(Data!V:V,Data!V:V,"<>",Data!$D:$D,$B$30))/(sumifs(Data!$D:$D,Data!V:V,"<>",Data!$D:$D,$B$30)-countifs(Data!V:V,"<>",Data!$D:$D,$B$30)))
A28: Odds Against Any Opponent | C28: =(sumifs(Data!$D:$D,Data!E:E,"<>")-SUMIFS(Data!E:E,Data!E:E,"<>"))/(SUMIFS(Data!$D:$D,Data!E:E,"<>")-COUNTIFS(Data!E:E,">0")) -> 0.49775785 | D28: =(sumifs(Data!$D:$D,Data!F:F,"<>")-SUMIFS(Data!F:F,Data!F:F,"<>"))/(SUMIFS(Data!$D:$D,Data!F:F,"<>")-COUNTIFS(Data!F:F,">0")) -> 0.55572403 | E28: =(sumifs(Data!$D:$D,Data!G:G,"<>")-SUMIFS(Data!G:G,Data!G:G,"<>"))/(SUMIFS(Data!$D:$D,Data!G:G,"<>")-COUNTIFS(Data!G:G,">0")) -> 0.50214592 | F28: =(sumifs(Data!$D:$D,Data!H:H,"<>")-SUMIFS(Data!H:H,Data!H:H,"<>"))/(SUMIFS(Data!$D:$D,Data!H:H,"<>")-COUNTIFS(Data!H:H,">0")) -> 0.45696401 | G28: =(sumifs(Data!$D:$D,Data!I:I,"<>")-SUMIFS(Data!I:I,Data!I:I,"<>"))/(SUMIFS(Data!$D:$D,Data!I:I,"<>")-COUNTIFS(Data!I:I,">0")) -> 0.36538462 | H28: =(sumifs(Data!$D:$D,Data!J:J,"<>")-SUMIFS(Data!J:J,Data!J:J,"<>"))/(SUMIFS(Data!$D:$D,Data!J:J,"<>")-COUNTIFS(Data!J:J,">0")) -> 0.34146341 | I28: =(sumifs(Data!$D:$D,Data!K:K,"<>")-SUMIFS(Data!K:K,Data!K:K,"<>"))/(SUMIFS(Data!$D:$D,Data!K:K,"<>")-COUNTIFS(Data!K:K,">0")) -> 0.48611111 | J28: =(sumifs(Data!$D:$D,Data!L:L,"<>")-SUMIFS(Data!L:L,Data!L:L,"<>"))/(SUMIFS(Data!$D:$D,Data!L:L,"<>")-COUNTIFS(Data!L:L,">0")) -> 0.39285714 | K28: =(sumifs(Data!$D:$D,Data!M:M,"<>")-SUMIFS(Data!M:M,Data!M:M,"<>"))/(SUMIFS(Data!$D:$D,Data!M:M,"<>")-COUNTIFS(Data!M:M,">0")) -> 0.5 | L28: =(sumifs(Data!$D:$D,Data!N:N,"<>")-SUMIFS(Data!N:N,Data!N:N,"<>"))/(SUMIFS(Data!$D:$D,Data!N:N,"<>")-COUNTIFS(Data!N:N,">0")) -> 0.18181818 | M28: =(sumifs(Data!$D:$D,Data!O:O,"<>")-SUMIFS(Data!O:O,Data!O:O,"<>"))/(SUMIFS(Data!$D:$D,Data!O:O,"<>")-COUNTIFS(Data!O:O,">0")) -> 0 | N28: =(sumifs(Data!$D:$D,Data!P:P,"<>")-SUMIFS(Data!P:P,Data!P:P,"<>"))/(SUMIFS(Data!$D:$D,Data!P:P,"<>")-COUNTIFS(Data!P:P,">0")) -> 1 | O28: =(sumifs(Data!$D:$D,Data!Q:Q,"<>")-SUMIFS(Data!Q:Q,Data!Q:Q,"<>"))/(SUMIFS(Data!$D:$D,Data!Q:Q,"<>")-COUNTIFS(Data!Q:Q,">0")) -> 0.5 | P28: =(sumifs(Data!$D:$D,Data!R:R,"<>")-SUMIFS(Data!R:R,Data!R:R,"<>"))/(SUMIFS(Data!$D:$D,Data!R:R,"<>")-COUNTIFS(Data!R:R,">0")) -> 0.375 | Q28: =(sumifs(Data!$D:$D,Data!S:S,"<>")-SUMIFS(Data!S:S,Data!S:S,"<>"))/(SUMIFS(Data!$D:$D,Data!S:S,"<>")-COUNTIFS(Data!S:S,">0")) -> 0.11111111 | R28: =(sumifs(Data!$D:$D,Data!T:T,"<>")-SUMIFS(Data!T:T,Data!T:T,"<>"))/(SUMIFS(Data!$D:$D,Data!T:T,"<>")-COUNTIFS(Data!T:T,">0")) -> 0 | S28: =(sumifs(Data!$D:$D,Data!U:U,"<>")-SUMIFS(Data!U:U,Data!U:U,"<>"))/(SUMIFS(Data!$D:$D,Data!U:U,"<>")-COUNTIFS(Data!U:U,">0")) -> 0.66666667 | T28: =(sumifs(Data!$D:$D,Data!V:V,"<>")-SUMIFS(Data!V:V,Data!V:V,"<>"))/(SUMIFS(Data!$D:$D,Data!V:V,"<>")-COUNTIFS(Data!V:V,">0")) -> 0.40540541
A30: Number of Players | B30: 3
A31: Minimum Games | B31: 10

Sheet Monopoly Results
A1: =IFERROR(__xludf.DUMMYFUNCTION("QUERY(Data!A:G,""Select C,E,F,G where (A='Monopoly' and E is not null and F is not null and G is not null) Order by C desc"",1)"),"Date") -> Date | B1: =IFERROR(__xludf.DUMMYFUNCTION("""COMPUTED_VALUE"""),"Jeffrey") -> Jeffrey | C1: =IFERROR(__xludf.DUMMYFUNCTION("""COMPUTED_VALUE"""),"Robert") -> Robert | D1: =IFERROR(__xludf.DUMMYFUNCTION("""COMPUTED_VALUE"""),"Bobby") -> Bobby | O1: =IFERROR(__xludf.DUMMYFUNCTION("QUERY(A:A,""select A"",1)"),"Date") -> Date | P1: Jeffrey | Q1: Robert | R1: Bobby | U1: =IFERROR(__xludf.DUMMYFUNCTION("QUERY(A:A,""select A"",1)"),"Date") -> Date | V1: Jeffrey | W1: Robert | X1: Bobby | Z1: =IFERROR(__xludf.DUMMYFUNCTION("QUERY(A:A,""select A"",1)"),"Date") -> Date | AA1: Jeffrey | AB1: Robert | AC1: Bobby | AF1: Jeffrey | AG1: Robert | AH1: Bobby
A2: =IFERROR(__xludf.DUMMYFUNCTION("""COMPUTED_VALUE"""),46110.0) -> 46110 | B2: =IFERROR(__xludf.DUMMYFUNCTION("""COMPUTED_VALUE"""),3.0) -> 3 | C2: =IFERROR(__xludf.DUMMYFUNCTION("""COMPUTED_VALUE"""),1.0) -> 1 | D2: =IFERROR(__xludf.DUMMYFUNCTION("""COMPUTED_VALUE"""),2.0) -> 2 | F2: Jeffrey | G2: =SUM(B:B) -> 554 | H2: =if(G2=MIN($G$2:$G$4),1,0) -> 0 | I2: =G2-min($G$2:$G$4) -> 1 | K2: =if(B2=1,0,K1+1) -> 1 | L2: =if(C2=1,0,L1+1) -> 0 | M2: =if(D2=1,0,M1+1) -> 1 | O2: =IFERROR(__xludf.DUMMYFUNCTION("""COMPUTED_VALUE"""),46110.0) -> 46110 | P2: =B2+P3 -> 554 | Q2: =C2+Q3 -> 553 | R2: =D2+R3 -> 553 | S2: =min(P2:R2)-MINIFS(P2:R2,P2:R2, "<>"&Min(P2:R2)) -> -1 | U2: =IFERROR(__xludf.DUMMYFUNCTION("""COMPUTED_VALUE"""),46110.0) -> 46110 | V2: =if($H$2,0,if($H$3,Q2-P2,if($H$4,R2-P2))) -> -1 | W2: =if($H$2,P2-Q2,if($H$3,0,if($H$4,R2-Q2))) -> 0 | X2: =if($H$2,P2-R2,if($H$3,Q2-R2,if($H$4,0))) -> 0 | Z2: =IFERROR(__xludf.DUMMYFUNCTION("""COMPUTED_VALUE"""),46110.0) -> 46110 | AA2: =MIN(P2:R2)-P2 -> -1 | AB2: =MIN(P2:R2)-Q2 -> 0 | AC2: =MIN(P2:R2)-R2 -> 0 | AE2: 2017 | AF2: =SUMIFS(B:B,$A:$A,">=1/1/2017",$A:$A,"<=12/31/2017") -> 50 | AG2: =SUMIFS(C:C,$A:$A,">=1/1/2017",$A:$A,"<=12/31/2017") -> 53 | AH2: =SUMIFS(D:D,$A:$A,">=1/1/2017",$A:$A,"<=12/31/2017") -> 45
A3: =IFERROR(__xludf.DUMMYFUNCTION("""COMPUTED_VALUE"""),45949.0) -> 45949 | B3: =IFERROR(__xludf.DUMMYFUNCTION("""COMPUTED_VALUE"""),1.0) -> 1 | C3: =IFERROR(__xludf.DUMMYFUNCTION("""COMPUTED_VALUE"""),3.0) -> 3 | D3: =IFERROR(__xludf.DUMMYFUNCTION("""COMPUTED_VALUE"""),2.0) -> 2 | F3: Robert | G3: =SUM(C:C) -> 553 | H3: =if(G3=MIN($G$2:$G$4),1,0) -> 1 | I3: =G3-min($G$2:$G$4) -> 0 | K3: =if(B3=1,0,K2+1) -> 0 | L3: =if(C3=1,0,L2+1) -> 1 | M3: =if(D3=1,0,M2+1) -> 2 | O3: =IFERROR(__xludf.DUMMYFUNCTION("""COMPUTED_VALUE"""),45949.0) -> 45949 | P3: =B3+P4 -> 551 | Q3: =C3+Q4 -> 552 | R3: =D3+R4 -> 551 | S3: =min(P3:R3)-MINIFS(P3:R3,P3:R3, "<>"&Min(P3:R3)) -> -1 | U3: =IFERROR(__xludf.DUMMYFUNCTION("""COMPUTED_VALUE"""),45949.0) -> 45949 | V3: =if($H$2,0,if($H$3,Q3-P3,if($H$4,R3-P3))) -> 1 | W3: =if($H$2,P3-Q3,if($H$3,0,if($H$4,R3-Q3))) -> 0 | X3: =if($H$2,P3-R3,if($H$3,Q3-R3,if($H$4,0))) -> 1 | Z3: =IFERROR(__xludf.DUMMYFUNCTION("""COMPUTED_VALUE"""),45949.0) -> 45949 | AA3: =MIN(P3:R3)-P3 -> 0 | AB3: =MIN(P3:R3)-Q3 -> -1 | AC3: =MIN(P3:R3)-R3 -> 0 | AE3: 2018 | AF3: =SUMIFS(B:B,$A:$A,">=1/1/2018",$A:$A,"<=12/31/2018") -> 33 | AG3: =SUMIFS(C:C,$A:$A,">=1/1/2018",$A:$A,"<=12/31/2018") -> 37 | AH3: =SUMIFS(D:D,$A:$A,">=1/1/2018",$A:$A,"<=12/31/2018") -> 28
A4: =IFERROR(__xludf.DUMMYFUNCTION("""COMPUTED_VALUE"""),45928.0) -> 45928 | B4: =IFERROR(__xludf.DUMMYFUNCTION("""COMPUTED_VALUE"""),3.0) -> 3 | C4: =IFERROR(__xludf.DUMMYFUNCTION("""COMPUTED_VALUE"""),1.0) -> 1 | D4: =IFERROR(__xludf.DUMMYFUNCTION("""COMPUTED_VALUE"""),2.0) -> 2 | F4: Bobby | G4: =SUM(D:D) -> 553 | H4: =if(G4=MIN($G$2:$G$4),1,0) -> 1 | I4: =G4-min($G$2:$G$4) -> 0 | K4: =if(B4=1,0,K3+1) -> 1 | L4: =if(C4=1,0,L3+1) -> 0 | M4: =if(D4=1,0,M3+1) -> 3 | O4: =IFERROR(__xludf.DUMMYFUNCTION("""COMPUTED_VALUE"""),45928.0) -> 45928 | P4: =B4+P5 -> 550 | Q4: =C4+Q5 -> 549 | R4: =D4+R5 -> 549 | S4: =min(P4:R4)-MINIFS(P4:R4,P4:R4, "<>"&Min(P4:R4)) -> -1 | U4: =IFERROR(__xludf.DUMMYFUNCTION("""COMPUTED_VALUE"""),45928.0) -> 45928 | V4: =if($H$2,0,if($H$3,Q4-P4,if($H$4,R4-P4))) -> -1 | W4: =if($H$2,P4-Q4,if($H$3,0,if($H$4,R4-Q4))) -> 0 | X4: =if($H$2,P4-R4,if($H$3,Q4-R4,if($H$4,0))) -> 0 | Z4: =IFERROR(__xludf.DUMMYFUNCTION("""COMPUTED_VALUE"""),45928.0) -> 45928 | AA4: =MIN(P4:R4)-P4 -> -1 | AB4: =MIN(P4:R4)-Q4 -> 0 | AC4: =MIN(P4:R4)-R4 -> 0 | AE4: 2019 | AF4: =SUMIFS(B:B,$A:$A,">=1/1/2019",$A:$A,"<=12/31/2019") -> 48 | AG4: =SUMIFS(C:C,$A:$A,">=1/1/2019",$A:$A,"<=12/31/2019") -> 56 | AH4: =SUMIFS(D:D,$A:$A,">=1/1/2019",$A:$A,"<=12/31/2019") -> 50
A5: =IFERROR(__xludf.DUMMYFUNCTION("""COMPUTED_VALUE"""),45906.0) -> 45906 | B5: =IFERROR(__xludf.DUMMYFUNCTION("""COMPUTED_VALUE"""),3.0) -> 3 | C5: =IFERROR(__xludf.DUMMYFUNCTION("""COMPUTED_VALUE"""),2.0) -> 2 | D5: =IFERROR(__xludf.DUMMYFUNCTION("""COMPUTED_VALUE"""),1.0) -> 1 | K5: =if(B5=1,0,K4+1) -> 2 | L5: =if(C5=1,0,L4+1) -> 1 | M5: =if(D5=1,0,M4+1) -> 0 | O5: =IFERROR(__xludf.DUMMYFUNCTION("""COMPUTED_VALUE"""),45906.0) -> 45906 | P5: =B5+P6 -> 547 | Q5: =C5+Q6 -> 548 | R5: =D5+R6 -> 547 | S5: =min(P5:R5)-MINIFS(P5:R5,P5:R5, "<>"&Min(P5:R5)) -> -1 | U5: =IFERROR(__xludf.DUMMYFUNCTION("""COMPUTED_VALUE"""),45906.0) -> 45906 | V5: =if($H$2,0,if($H$3,Q5-P5,if($H$4,R5-P5))) -> 1 | W5: =if($H$2,P5-Q5,if($H$3,0,if($H$4,R5-Q5))) -> 0 | X5: =if($H$2,P5-R5,if($H$3,Q5-R5,if($H$4,0))) -> 1 | Z5: =IFERROR(__xludf.DUMMYFUNCTION("""COMPUTED_VALUE"""),45906.0) -> 45906 | AA5: =MIN(P5:R5)-P5 -> 0 | AB5: =MIN(P5:R5)-Q5 -> -1 | AC5: =MIN(P5:R5)-R5 -> 0 | AE5: 2020 | AF5: =SUMIFS(B:B,$A:$A,">=1/1/2020",$A:$A,"<=12/31/2020") -> 159 | AG5: =SUMIFS(C:C,$A:$A,">=1/1/2020",$A:$A,"<=12/31/2020") -> 161 | AH5: =SUMIFS(D:D,$A:$A,">=1/1/2020",$A:$A,"<=12/31/2020") -> 157
A6: =IFERROR(__xludf.DUMMYFUNCTION("""COMPUTED_VALUE"""),45900.0) -> 45900 | B6: =IFERROR(__xludf.DUMMYFUNCTION("""COMPUTED_VALUE"""),3.0) -> 3 | C6: =IFERROR(__xludf.DUMMYFUNCTION("""COMPUTED_VALUE"""),2.0) -> 2 | D6: =IFERROR(__xludf.DUMMYFUNCTION("""COMPUTED_VALUE"""),1.0) -> 1 | K6: =if(B6=1,0,K5+1) -> 3 | L6: =if(C6=1,0,L5+1) -> 2 | M6: =if(D6=1,0,M5+1) -> 0 | O6: =IFERROR(__xludf.DUMMYFUNCTION("""COMPUTED_VALUE"""),45900.0) -> 45900 | P6: =B6+P7 -> 544 | Q6: =C6+Q7 -> 546 | R6: =D6+R7 -> 546 | S6: =min(P6:R6)-MINIFS(P6:R6,P6:R6, "<>"&Min(P6:R6)) -> -2 | U6: =IFERROR(__xludf.DUMMYFUNCTION("""COMPUTED_VALUE"""),45900.0) -> 45900 | V6: =if($H$2,0,if($H$3,Q6-P6,if($H$4,R6-P6))) -> 2 | W6: =if($H$2,P6-Q6,if($H$3,0,if($H$4,R6-Q6))) -> 0 | X6: =if($H$2,P6-R6,if($H$3,Q6-R6,if($H$4,0))) -> 0 | Z6: =IFERROR(__xludf.DUMMYFUNCTION("""COMPUTED_VALUE"""),45900.0) -> 45900 | AA6: =MIN(P6:R6)-P6 -> 0 | AB6: =MIN(P6:R6)-Q6 -> -2 | AC6: =MIN(P6:R6)-R6 -> -2
A7: =IFERROR(__xludf.DUMMYFUNCTION("""COMPUTED_VALUE"""),45893.0) -> 45893 | B7: =IFERROR(__xludf.DUMMYFUNCTION("""COMPUTED_VALUE"""),1.0) -> 1 | C7: =IFERROR(__xludf.DUMMYFUNCTION("""COMPUTED_VALUE"""),2.0) -> 2 | D7: =IFERROR(__xludf.DUMMYFUNCTION("""COMPUTED_VALUE"""),3.0) -> 3 | K7: =if(B7=1,0,K6+1) -> 0 | L7: =if(C7=1,0,L6+1) -> 3 | M7: =if(D7=1,0,M6+1) -> 1 | O7: =IFERROR(__xludf.DUMMYFUNCTION("""COMPUTED_VALUE"""),45893.0) -> 45893 | P7: =B7+P8 -> 541 | Q7: =C7+Q8 -> 544 | R7: =D7+R8 -> 545 | S7: =min(P7:R7)-MINIFS(P7:R7,P7:R7, "<>"&Min(P7:R7)) -> -3 | U7: =IFERROR(__xludf.DUMMYFUNCTION("""COMPUTED_VALUE"""),45893.0) -> 45893 | V7: =if($H$2,0,if($H$3,Q7-P7,if($H$4,R7-P7))) -> 3 | W7: =if($H$2,P7-Q7,if($H$3,0,if($H$4,R7-Q7))) -> 0 | X7: =if($H$2,P7-R7,if($H$3,Q7-R7,if($H$4,0))) -> -1 | Z7: =IFERROR(__xludf.DUMMYFUNCTION("""COMPUTED_VALUE"""),45893.0) -> 45893 | AA7: =MIN(P7:R7)-P7 -> 0 | AB7: =MIN(P7:R7)-Q7 -> -3 | AC7: =MIN(P7:R7)-R7 -> -4 | AE7: 2017 | AF7: =COUNTIFS(A:A,">=1/1/2017",A:A,"<=12/31/2017") -> 22
A8: =IFERROR(__xludf.DUMMYFUNCTION("""COMPUTED_VALUE"""),45872.0) -> 45872 | B8: =IFERROR(__xludf.DUMMYFUNCTION("""COMPUTED_VALUE"""),1.0) -> 1 | C8: =IFERROR(__xludf.DUMMYFUNCTION("""COMPUTED_VALUE"""),3.0) -> 3 | D8: =IFERROR(__xludf.DUMMYFUNCTION("""COMPUTED_VALUE"""),2.0) -> 2 | K8: =if(B8=1,0,K7+1) -> 0 | L8: =if(C8=1,0,L7+1) -> 4 | M8: =if(D8=1,0,M7+1) -> 2 | O8: =IFERROR(__xludf.DUMMYFUNCTION("""COMPUTED_VALUE"""),45872.0) -> 45872 | P8: =B8+P9 -> 540 | Q8: =C8+Q9 -> 542 | R8: =D8+R9 -> 542 | S8: =min(P8:R8)-MINIFS(P8:R8,P8:R8, "<>"&Min(P8:R8)) -> -2 | U8: =IFERROR(__xludf.DUMMYFUNCTION("""COMPUTED_VALUE"""),45872.0) -> 45872 | V8: =if($H$2,0,if($H$3,Q8-P8,if($H$4,R8-P8))) -> 2 | W8: =if($H$2,P8-Q8,if($H$3,0,if($H$4,R8-Q8))) -> 0 | X8: =if($H$2,P8-R8,if($H$3,Q8-R8,if($H$4,0))) -> 0 | Z8: =IFERROR(__xludf.DUMMYFUNCTION("""COMPUTED_VALUE"""),45872.0) -> 45872 | AA8: =MIN(P8:R8)-P8 -> 0 | AB8: =MIN(P8:R8)-Q8 -> -2 | AC8: =MIN(P8:R8)-R8 -> -2 | AE8: 2018 | AF8: =COUNTIFS(A:A,">=1/1/2018",A:A,"<=12/31/2018") -> 16
A9: =IFERROR(__xludf.DUMMYFUNCTION("""COMPUTED_VALUE"""),45857.0) -> 45857 | B9: =IFERROR(__xludf.DUMMYFUNCTION("""COMPUTED_VALUE"""),3.0) -> 3 | C9: =IFERROR(__xludf.DUMMYFUNCTION("""COMPUTED_VALUE"""),1.0) -> 1 | D9: =IFERROR(__xludf.DUMMYFUNCTION("""COMPUTED_VALUE"""),2.0) -> 2 | K9: =if(B9=1,0,K8+1) -> 1 | L9: =if(C9=1,0,L8+1) -> 0 | M9: =if(D9=1,0,M8+1) -> 3 | O9: =IFERROR(__xludf.DUMMYFUNCTION("""COMPUTED_VALUE"""),45857.0) -> 45857 | P9: =B9+P10 -> 539 | Q9: =C9+Q10 -> 539 | R9: =D9+R10 -> 540 | S9: =min(P9:R9)-MINIFS(P9:R9,P9:R9, "<>"&Min(P9:R9)) -> -1 | U9: =IFERROR(__xludf.DUMMYFUNCTION("""COMPUTED_VALUE"""),45857.0) -> 45857 | V9: =if($H$2,0,if($H$3,Q9-P9,if($H$4,R9-P9))) -> 0 | W9: =if($H$2,P9-Q9,if($H$3,0,if($H$4,R9-Q9))) -> 0 | X9: =if($H$2,P9-R9,if($H$3,Q9-R9,if($H$4,0))) -> -1 | Z9: =IFERROR(__xludf.DUMMYFUNCTION("""COMPUTED_VALUE"""),45857.0) -> 45857 | AA9: =MIN(P9:R9)-P9 -> 0 | AB9: =MIN(P9:R9)-Q9 -> 0 | AC9: =MIN(P9:R9)-R9 -> -1 | AE9: 2019 | AF9: =COUNTIFS(A:A,">=1/1/2019",A:A,"<=12/31/2019") -> 25
A10: =IFERROR(__xludf.DUMMYFUNCTION("""COMPUTED_VALUE"""),45857.0) -> 45857 | B10: =IFERROR(__xludf.DUMMYFUNCTION("""COMPUTED_VALUE"""),3.0) -> 3 | C10: =IFERROR(__xludf.DUMMYFUNCTION("""COMPUTED_VALUE"""),2.0) -> 2 | D10: =IFERROR(__xludf.DUMMYFUNCTION("""COMPUTED_VALUE"""),1.0) -> 1 | K10: =if(B10=1,0,K9+1) -> 2 | L10: =if(C10=1,0,L9+1) -> 1 | M10: =if(D10=1,0,M9+1) -> 0 | O10: =IFERROR(__xludf.DUMMYFUNCTION("""COMPUTED_VALUE"""),45857.0) -> 45857 | P10: =B10+P11 -> 536 | Q10: =C10+Q11 -> 538 | R10: =D10+R11 -> 538 | S10: =min(P10:R10)-MINIFS(P10:R10,P10:R10, "<>"&Min(P10:R10)) -> -2 | U10: =IFERROR(__xludf.DUMMYFUNCTION("""COMPUTED_VALUE"""),45857.0) -> 45857 | V10: =if($H$2,0,if($H$3,Q10-P10,if($H$4,R10-P10))) -> 2 | W10: =if($H$2,P10-Q10,if($H$3,0,if($H$4,R10-Q10))) -> 0 | X10: =if($H$2,P10-R10,if($H$3,Q10-R10,if($H$4,0))) -> 0 | Z10: =IFERROR(__xludf.DUMMYFUNCTION("""COMPUTED_VALUE"""),45857.0) -> 45857 | AA10: =MIN(P10:R10)-P10 -> 0 | AB10: =MIN(P10:R10)-Q10 -> -2 | AC10: =MIN(P10:R10)-R10 -> -2 | AE10: 2020 | AF10: =COUNTIFS(A:A,">=1/1/2020",A:A,"<=12/31/2020") -> 79
A11: =IFERROR(__xludf.DUMMYFUNCTION("""COMPUTED_VALUE"""),45851.0) -> 45851 | B11: =IFERROR(__xludf.DUMMYFUNCTION("""COMPUTED_VALUE"""),2.0) -> 2 | C11: =IFERROR(__xludf.DUMMYFUNCTION("""COMPUTED_VALUE"""),1.0) -> 1 | D11: =IFERROR(__xludf.DUMMYFUNCTION("""COMPUTED_VALUE"""),3.0) -> 3 | K11: =if(B11=1,0,K10+1) -> 3 | L11: =if(C11=1,0,L10+1) -> 0 | M11: =if(D11=1,0,M10+1) -> 1 | O11: =IFERROR(__xludf.DUMMYFUNCTION("""COMPUTED_VALUE"""),45851.0) -> 45851 | P11: =B11+P12 -> 533 | Q11: =C11+Q12 -> 536 | R11: =D11+R12 -> 537 | S11: 0 | U11: =IFERROR(__xludf.DUMMYFUNCTION("""COMPUTED_VALUE"""),45851.0) -> 45851 | V11: =if($H$2,0,if($H$3,Q11-P11,if($H$4,R11-P11))) -> 3 | W11: =if($H$2,P11-Q11,if($H$3,0,if($H$4,R11-Q11))) -> 0 | X11: =if($H$2,P11-R11,if($H$3,Q11-R11,if($H$4,0))) -> -1 | Z11: =IFERROR(__xludf.DUMMYFUNCTION("""COMPUTED_VALUE"""),45851.0) -> 45851 | AA11: =MIN(P11:R11)-P11 -> 0 | AB11: =MIN(P11:R11)-Q11 -> -3 | AC11: =MIN(P11:R11)-R11 -> -4
A12: =IFERROR(__xludf.DUMMYFUNCTION("""COMPUTED_VALUE"""),45844.0) -> 45844 | B12: =IFERROR(__xludf.DUMMYFUNCTION("""COMPUTED_VALUE"""),1.0) -> 1 | C12: =IFERROR(__xludf.DUMMYFUNCTION("""COMPUTED_VALUE"""),3.0) -> 3 | D12: =IFERROR(__xludf.DUMMYFUNCTION("""COMPUTED_VALUE"""),2.0) -> 2 | K12: =if(B12=1,0,K11+1) -> 0 | L12: =if(C12=1,0,L11+1) -> 1 | M12: =if(D12=1,0,M11+1) -> 2 | O12: =IFERROR(__xludf.DUMMYFUNCTION("""COMPUTED_VALUE"""),45844.0) -> 45844 | P12: =B12+P13 -> 531 | Q12: =C12+Q13 -> 535 | R12: =D12+R13 -> 534 | S12: =min(P12:R12)-MINIFS(P12:R12,P12:R12, "<>"&Min(P12:R12)) -> -3 | U12: =IFERROR(__xludf.DUMMYFUNCTION("""COMPUTED_VALUE"""),45844.0) -> 45844 | V12: =if($H$2,0,if($H$3,Q12-P12,if($H$4,R12-P12))) -> 4 | W12: =if($H$2,P12-Q12,if($H$3,0,if($H$4,R12-Q12))) -> 0 | X12: =if($H$2,P12-R12,if($H$3,Q12-R12,if($H$4,0))) -> 1 | Z12: =IFERROR(__xludf.DUMMYFUNCTION("""COMPUTED_VALUE"""),45844.0) -> 45844 | AA12: =MIN(P12:R12)-P12 -> 0 | AB12: =MIN(P12:R12)-Q12 -> -4 | AC12: =MIN(P12:R12)-R12 -> -3
A13: =IFERROR(__xludf.DUMMYFUNCTION("""COMPUTED_VALUE"""),45837.0) -> 45837 | B13: =IFERROR(__xludf.DUMMYFUNCTION("""COMPUTED_VALUE"""),3.0) -> 3 | C13: =IFERROR(__xludf.DUMMYFUNCTION("""COMPUTED_VALUE"""),2.0) -> 2 | D13: =IFERROR(__xludf.DUMMYFUNCTION("""COMPUTED_VALUE"""),1.0) -> 1 | K13: =if(B13=1,0,K12+1) -> 1 | L13: =if(C13=1,0,L12+1) -> 2 | M13: =if(D13=1,0,M12+1) -> 0 | O13: =IFERROR(__xludf.DUMMYFUNCTION("""COMPUTED_VALUE"""),45837.0) -> 45837 | P13: =B13+P14 -> 530 | Q13: =C13+Q14 -> 532 | R13: =D13+R14 -> 532 | S13: 0 | U13: =IFERROR(__xludf.DUMMYFUNCTION("""COMPUTED_VALUE"""),45837.0) -> 45837 | V13: =if($H$2,0,if($H$3,Q13-P13,if($H$4,R13-P13))) -> 2 | W13: =if($H$2,P13-Q13,if($H$3,0,if($H$4,R13-Q13))) -> 0 | X13: =if($H$2,P13-R13,if($H$3,Q13-R13,if($H$4,0))) -> 0 | Z13: =IFERROR(__xludf.DUMMYFUNCTION("""COMPUTED_VALUE"""),45837.0) -> 45837 | AA13: =MIN(P13:R13)-P13 -> 0 | AB13: =MIN(P13:R13)-Q13 -> -2 | AC13: =MIN(P13:R13)-R13 -> -2
A14: =IFERROR(__xludf.DUMMYFUNCTION("""COMPUTED_VALUE"""),45823.0) -> 45823 | B14: =IFERROR(__xludf.DUMMYFUNCTION("""COMPUTED_VALUE"""),2.0) -> 2 | C14: =IFERROR(__xludf.DUMMYFUNCTION("""COMPUTED_VALUE"""),3.0) -> 3 | D14: =IFERROR(__xludf.DUMMYFUNCTION("""COMPUTED_VALUE"""),1.0) -> 1 | K14: =if(B14=1,0,K13+1) -> 2 | L14: =if(C14=1,0,L13+1) -> 3 | M14: =if(D14=1,0,M13+1) -> 0 | O14: =IFERROR(__xludf.DUMMYFUNCTION("""COMPUTED_VALUE"""),45823.0) -> 45823 | P14: =B14+P15 -> 527 | Q14: =C14+Q15 -> 530 | R14: =D14+R15 -> 531 | S14: =min(P14:R14)-MINIFS(P14:R14,P14:R14, "<>"&Min(P14:R14)) -> -3 | U14: =IFERROR(__xludf.DUMMYFUNCTION("""COMPUTED_VALUE"""),45823.0) -> 45823 | V14: =if($H$2,0,if($H$3,Q14-P14,if($H$4,R14-P14))) -> 3 | W14: =if($H$2,P14-Q14,if($H$3,0,if($H$4,R14-Q14))) -> 0 | X14: =if($H$2,P14-R14,if($H$3,Q14-R14,if($H$4,0))) -> -1 | Z14: =IFERROR(__xludf.DUMMYFUNCTION("""COMPUTED_VALUE"""),45823.0) -> 45823 | AA14: =MIN(P14:R14)-P14 -> 0 | AB14: =MIN(P14:R14)-Q14 -> -3 | AC14: =MIN(P14:R14)-R14 -> -4
A15: =IFERROR(__xludf.DUMMYFUNCTION("""COMPUTED_VALUE"""),45816.0) -> 45816 | B15: =IFERROR(__xludf.DUMMYFUNCTION("""COMPUTED_VALUE"""),2.0) -> 2 | C15: =IFERROR(__xludf.DUMMYFUNCTION("""COMPUTED_VALUE"""),1.0) -> 1 | D15: =IFERROR(__xludf.DUMMYFUNCTION("""COMPUTED_VALUE"""),3.0) -> 3 | K15: =if(B15=1,0,K14+1) -> 3 | L15: =if(C15=1,0,L14+1) -> 0 | M15: =if(D15=1,0,M14+1) -> 1 | O15: =IFERROR(__xludf.DUMMYFUNCTION("""COMPUTED_VALUE"""),45816.0) -> 45816 | P15: =B15+P16 -> 525 | Q15: =C15+Q16 -> 527 | R15: =D15+R16 -> 530 | S15: =min(P15:R15)-MINIFS(P15:R15,P15:R15, "<>"&Min(P15:R15)) -> -2 | U15: =IFERROR(__xludf.DUMMYFUNCTION("""COMPUTED_VALUE"""),45816.0) -> 45816 | V15: =if($H$2,0,if($H$3,Q15-P15,if($H$4,R15-P15))) -> 2 | W15: =if($H$2,P15-Q15,if($H$3,0,if($H$4,R15-Q15))) -> 0 | X15: =if($H$2,P15-R15,if($H$3,Q15-R15,if($H$4,0))) -> -3 | Z15: =IFERROR(__xludf.DUMMYFUNCTION("""COMPUTED_VALUE"""),45816.0) -> 45816 | AA15: =MIN(P15:R15)-P15 -> 0 | AB15: =MIN(P15:R15)-Q15 -> -2 | AC15: =MIN(P15:R15)-R15 -> -5
A16: =IFERROR(__xludf.DUMMYFUNCTION("""COMPUTED_VALUE"""),45809.0) -> 45809 | B16: =IFERROR(__xludf.DUMMYFUNCTION("""COMPUTED_VALUE"""),3.0) -> 3 | C16: =IFERROR(__xludf.DUMMYFUNCTION("""COMPUTED_VALUE"""),2.0) -> 2 | D16: =IFERROR(__xludf.DUMMYFUNCTION("""COMPUTED_VALUE"""),1.0) -> 1 | K16: =if(B16=1,0,K15+1) -> 4 | L16: =if(C16=1,0,L15+1) -> 1 | M16: =if(D16=1,0,M15+1) -> 0 | O16: =IFERROR(__xludf.DUMMYFUNCTION("""COMPUTED_VALUE"""),45809.0) -> 45809 | P16: =B16+P17 -> 523 | Q16: =C16+Q17 -> 526 | R16: =D16+R17 -> 527 | S16: =min(P16:R16)-MINIFS(P16:R16,P16:R16, "<>"&Min(P16:R16)) -> -3 | U16: =IFERROR(__xludf.DUMMYFUNCTION("""COMPUTED_VALUE"""),45809.0) -> 45809 | V16: =if($H$2,0,if($H$3,Q16-P16,if($H$4,R16-P16))) -> 3 | W16: =if($H$2,P16-Q16,if($H$3,0,if($H$4,R16-Q16))) -> 0 | X16: =if($H$2,P16-R16,if($H$3,Q16-R16,if($H$4,0))) -> -1 | Z16: =IFERROR(__xludf.DUMMYFUNCTION("""COMPUTED_VALUE"""),45809.0) -> 45809 | AA16: =MIN(P16:R16)-P16 -> 0 | AB16: =MIN(P16:R16)-Q16 -> -3 | AC16: =MIN(P16:R16)-R16 -> -4
A17: =IFERROR(__xludf.DUMMYFUNCTION("""COMPUTED_VALUE"""),45746.0) -> 45746 | B17: =IFERROR(__xludf.DUMMYFUNCTION("""COMPUTED_VALUE"""),1.0) -> 1 | C17: =IFERROR(__xludf.DUMMYFUNCTION("""COMPUTED_VALUE"""),3.0) -> 3 | D17: =IFERROR(__xludf.DUMMYFUNCTION("""COMPUTED_VALUE"""),2.0) -> 2 | K17: =if(B17=1,0,K16+1) -> 0 | L17: =if(C17=1,0,L16+1) -> 2 | M17: =if(D17=1,0,M16+1) -> 1 | O17: =IFERROR(__xludf.DUMMYFUNCTION("""COMPUTED_VALUE"""),45746.0) -> 45746 | P17: =B17+P18 -> 520 | Q17: =C17+Q18 -> 524 | R17: =D17+R18 -> 526 | S17: =min(P17:R17)-MINIFS(P17:R17,P17:R17, "<>"&Min(P17:R17)) -> -4 | U17: =IFERROR(__xludf.DUMMYFUNCTION("""COMPUTED_VALUE"""),45746.0) -> 45746 | V17: =if($H$2,0,if($H$3,Q17-P17,if($H$4,R17-P17))) -> 4 | W17: =if($H$2,P17-Q17,if($H$3,0,if($H$4,R17-Q17))) -> 0 | X17: =if($H$2,P17-R17,if($H$3,Q17-R17,if($H$4,0))) -> -2 | Z17: =IFERROR(__xludf.DUMMYFUNCTION("""COMPUTED_VALUE"""),45746.0) -> 45746 | AA17: =MIN(P17:R17)-P17 -> 0 | AB17: =MIN(P17:R17)-Q17 -> -4 | AC17: =MIN(P17:R17)-R17 -> -6
A18: =IFERROR(__xludf.DUMMYFUNCTION("""COMPUTED_VALUE"""),45725.0) -> 45725 | B18: =IFERROR(__xludf.DUMMYFUNCTION("""COMPUTED_VALUE"""),3.0) -> 3 | C18: =IFERROR(__xludf.DUMMYFUNCTION("""COMPUTED_VALUE"""),2.0) -> 2 | D18: =IFERROR(__xludf.DUMMYFUNCTION("""COMPUTED_VALUE"""),1.0) -> 1 | K18: =if(B18=1,0,K17+1) -> 1 | L18: =if(C18=1,0,L17+1) -> 3 | M18: =if(D18=1,0,M17+1) -> 0 | O18: =IFERROR(__xludf.DUMMYFUNCTION("""COMPUTED_VALUE"""),45725.0) -> 45725 | P18: =B18+P19 -> 519 | Q18: =C18+Q19 -> 521 | R18: =D18+R19 -> 524 | S18: =min(P18:R18)-MINIFS(P18:R18,P18:R18, "<>"&Min(P18:R18)) -> -2 | U18: =IFERROR(__xludf.DUMMYFUNCTION("""COMPUTED_VALUE"""),45725.0) -> 45725 | V18: =if($H$2,0,if($H$3,Q18-P18,if($H$4,R18-P18))) -> 2 | W18: =if($H$2,P18-Q18,if($H$3,0,if($H$4,R18-Q18))) -> 0 | X18: =if($H$2,P18-R18,if($H$3,Q18-R18,if($H$4,0))) -> -3 | Z18: =IFERROR(__xludf.DUMMYFUNCTION("""COMPUTED_VALUE"""),45725.0) -> 45725 | AA18: =MIN(P18:R18)-P18 -> 0 | AB18: =MIN(P18:R18)-Q18 -> -2 | AC18: =MIN(P18:R18)-R18 -> -5
A19: =IFERROR(__xludf.DUMMYFUNCTION("""COMPUTED_VALUE"""),45683.0) -> 45683 | B19: =IFERROR(__xludf.DUMMYFUNCTION("""COMPUTED_VALUE"""),2.0) -> 2 | C19: =IFERROR(__xludf.DUMMYFUNCTION("""COMPUTED_VALUE"""),1.0) -> 1 | D19: =IFERROR(__xludf.DUMMYFUNCTION("""COMPUTED_VALUE"""),3.0) -> 3 | K19: =if(B19=1,0,K18+1) -> 2 | L19: =if(C19=1,0,L18+1) -> 0 | M19: =if(D19=1,0,M18+1) -> 1 | O19: =IFERROR(__xludf.DUMMYFUNCTION("""COMPUTED_VALUE"""),45683.0) -> 45683 | P19: =B19+P20 -> 516 | Q19: =C19+Q20 -> 519 | R19: =D19+R20 -> 523 | S19: =min(P19:R19)-MINIFS(P19:R19,P19:R19, "<>"&Min(P19:R19)) -> -3 | U19: =IFERROR(__xludf.DUMMYFUNCTION("""COMPUTED_VALUE"""),45683.0) -> 45683 | V19: =if($H$2,0,if($H$3,Q19-P19,if($H$4,R19-P19))) -> 3 | W19: =if($H$2,P19-Q19,if($H$3,0,if($H$4,R19-Q19))) -> 0 | X19: =if($H$2,P19-R19,if($H$3,Q19-R19,if($H$4,0))) -> -4 | Z19: =IFERROR(__xludf.DUMMYFUNCTION("""COMPUTED_VALUE"""),45683.0) -> 45683 | AA19: =MIN(P19:R19)-P19 -> 0 | AB19: =MIN(P19:R19)-Q19 -> -3 | AC19: =MIN(P19:R19)-R19 -> -7
A20: =IFERROR(__xludf.DUMMYFUNCTION("""COMPUTED_VALUE"""),45676.0) -> 45676 | B20: =IFERROR(__xludf.DUMMYFUNCTION("""COMPUTED_VALUE"""),3.0) -> 3 | C20: =IFERROR(__xludf.DUMMYFUNCTION("""COMPUTED_VALUE"""),1.0) -> 1 | D20: =IFERROR(__xludf.DUMMYFUNCTION("""COMPUTED_VALUE"""),2.0) -> 2 | K20: =if(B20=1,0,K19+1) -> 3 | L20: =if(C20=1,0,L19+1) -> 0 | M20: =if(D20=1,0,M19+1) -> 2 | O20: =IFERROR(__xludf.DUMMYFUNCTION("""COMPUTED_VALUE"""),45676.0) -> 45676 | P20: =B20+P21 -> 514 | Q20: =C20+Q21 -> 518 | R20: =D20+R21 -> 520 | S20: =min(P20:R20)-MINIFS(P20:R20,P20:R20, "<>"&Min(P20:R20)) -> -4 | U20: =IFERROR(__xludf.DUMMYFUNCTION("""COMPUTED_VALUE"""),45676.0) -> 45676 | V20: =if($H$2,0,if($H$3,Q20-P20,if($H$4,R20-P20))) -> 4 | W20: =if($H$2,P20-Q20,if($H$3,0,if($H$4,R20-Q20))) -> 0 | X20: =if($H$2,P20-R20,if($H$3,Q20-R20,if($H$4,0))) -> -2 | Z20: =IFERROR(__xludf.DUMMYFUNCTION("""COMPUTED_VALUE"""),45676.0) -> 45676 | AA20: =MIN(P20:R20)-P20 -> 0 | AB20: =MIN(P20:R20)-Q20 -> -4 | AC20: =MIN(P20:R20)-R20 -> -6
A21: =IFERROR(__xludf.DUMMYFUNCTION("""COMPUTED_VALUE"""),45550.0) -> 45550 | B21: =IFERROR(__xludf.DUMMYFUNCTION("""COMPUTED_VALUE"""),1.0) -> 1 | C21: =IFERROR(__xludf.DUMMYFUNCTION("""COMPUTED_VALUE"""),3.0) -> 3 | D21: =IFERROR(__xludf.DUMMYFUNCTION("""COMPUTED_VALUE"""),2.0) -> 2 | K21: =if(B21=1,0,K20+1) -> 0 | L21: =if(C21=1,0,L20+1) -> 1 | M21: =if(D21=1,0,M20+1) -> 3 | O21: =IFERROR(__xludf.DUMMYFUNCTION("""COMPUTED_VALUE"""),45550.0) -> 45550 | P21: =B21+P22 -> 511 | Q21: =C21+Q22 -> 517 | R21: =D21+R22 -> 518 | S21: =min(P21:R21)-MINIFS(P21:R21,P21:R21, "<>"&Min(P21:R21)) -> -6 | U21: =IFERROR(__xludf.DUMMYFUNCTION("""COMPUTED_VALUE"""),45550.0) -> 45550 | V21: =if($H$2,0,if($H$3,Q21-P21,if($H$4,R21-P21))) -> 6 | W21: =if($H$2,P21-Q21,if($H$3,0,if($H$4,R21-Q21))) -> 0 | X21: =if($H$2,P21-R21,if($H$3,Q21-R21,if($H$4,0))) -> -1 | Z21: =IFERROR(__xludf.DUMMYFUNCTION("""COMPUTED_VALUE"""),45550.0) -> 45550 | AA21: =MIN(P21:R21)-P21 -> 0 | AB21: =MIN(P21:R21)-Q21 -> -6 | AC21: =MIN(P21:R21)-R21 -> -7
A22: =IFERROR(__xludf.DUMMYFUNCTION("""COMPUTED_VALUE"""),45535.0) -> 45535 | B22: =IFERROR(__xludf.DUMMYFUNCTION("""COMPUTED_VALUE"""),3.0) -> 3 | C22: =IFERROR(__xludf.DUMMYFUNCTION("""COMPUTED_VALUE"""),1.0) -> 1 | D22: =IFERROR(__xludf.DUMMYFUNCTION("""COMPUTED_VALUE"""),2.0) -> 2 | K22: =if(B22=1,0,K21+1) -> 1 | L22: =if(C22=1,0,L21+1) -> 0 | M22: =if(D22=1,0,M21+1) -> 4 | O22: =IFERROR(__xludf.DUMMYFUNCTION("""COMPUTED_VALUE"""),45535.0) -> 45535 | P22: =B22+P23 -> 510 | Q22: =C22+Q23 -> 514 | R22: =D22+R23 -> 516 | S22: =min(P22:R22)-MINIFS(P22:R22,P22:R22, "<>"&Min(P22:R22)) -> -4 | U22: =IFERROR(__xludf.DUMMYFUNCTION("""COMPUTED_VALUE"""),45535.0) -> 45535 | V22: =if($H$2,0,if($H$3,Q22-P22,if($H$4,R22-P22))) -> 4 | W22: =if($H$2,P22-Q22,if($H$3,0,if($H$4,R22-Q22))) -> 0 | X22: =if($H$2,P22-R22,if($H$3,Q22-R22,if($H$4,0))) -> -2 | Z22: =IFERROR(__xludf.DUMMYFUNCTION("""COMPUTED_VALUE"""),45535.0) -> 45535 | AA22: =MIN(P22:R22)-P22 -> 0 | AB22: =MIN(P22:R22)-Q22 -> -4 | AC22: =MIN(P22:R22)-R22 -> -6
A23: =IFERROR(__xludf.DUMMYFUNCTION("""COMPUTED_VALUE"""),45529.0) -> 45529 | B23: =IFERROR(__xludf.DUMMYFUNCTION("""COMPUTED_VALUE"""),1.0) -> 1 | C23: =IFERROR(__xludf.DUMMYFUNCTION("""COMPUTED_VALUE"""),2.0) -> 2 | D23: =IFERROR(__xludf.DUMMYFUNCTION("""COMPUTED_VALUE"""),3.0) -> 3 | K23: =if(B23=1,0,K22+1) -> 0 | L23: =if(C23=1,0,L22+1) -> 1 | M23: =if(D23=1,0,M22+1) -> 5 | O23: =IFERROR(__xludf.DUMMYFUNCTION("""COMPUTED_VALUE"""),45529.0) -> 45529 | P23: =B23+P24 -> 507 | Q23: =C23+Q24 -> 513 | R23: =D23+R24 -> 514 | S23: =min(P23:R23)-MINIFS(P23:R23,P23:R23, "<>"&Min(P23:R23)) -> -6 | U23: =IFERROR(__xludf.DUMMYFUNCTION("""COMPUTED_VALUE"""),45529.0) -> 45529 | V23: =if($H$2,0,if($H$3,Q23-P23,if($H$4,R23-P23))) -> 6 | W23: =if($H$2,P23-Q23,if($H$3,0,if($H$4,R23-Q23))) -> 0 | X23: =if($H$2,P23-R23,if($H$3,Q23-R23,if($H$4,0))) -> -1 | Z23: =IFERROR(__xludf.DUMMYFUNCTION("""COMPUTED_VALUE"""),45529.0) -> 45529 | AA23: =MIN(P23:R23)-P23 -> 0 | AB23: =MIN(P23:R23)-Q23 -> -6 | AC23: =MIN(P23:R23)-R23 -> -7
A24: =IFERROR(__xludf.DUMMYFUNCTION("""COMPUTED_VALUE"""),45522.0) -> 45522 | B24: =IFERROR(__xludf.DUMMYFUNCTION("""COMPUTED_VALUE"""),2.0) -> 2 | C24: =IFERROR(__xludf.DUMMYFUNCTION("""COMPUTED_VALUE"""),1.0) -> 1 | D24: =IFERROR(__xludf.DUMMYFUNCTION("""COMPUTED_VALUE"""),3.0) -> 3 | K24: =if(B24=1,0,K23+1) -> 1 | L24: =if(C24=1,0,L23+1) -> 0 | M24: =if(D24=1,0,M23+1) -> 6 | O24: =IFERROR(__xludf.DUMMYFUNCTION("""COMPUTED_VALUE"""),45522.0) -> 45522 | P24: =B24+P25 -> 506 | Q24: =C24+Q25 -> 511 | R24: =D24+R25 -> 511 | S24: =min(P24:R24)-MINIFS(P24:R24,P24:R24, "<>"&Min(P24:R24)) -> -5 | U24: =IFERROR(__xludf.DUMMYFUNCTION("""COMPUTED_VALUE"""),45522.0) -> 45522 | V24: =if($H$2,0,if($H$3,Q24-P24,if($H$4,R24-P24))) -> 5 | W24: =if($H$2,P24-Q24,if($H$3,0,if($H$4,R24-Q24))) -> 0 | X24: =if($H$2,P24-R24,if($H$3,Q24-R24,if($H$4,0))) -> 0 | Z24: =IFERROR(__xludf.DUMMYFUNCTION("""COMPUTED_VALUE"""),45522.0) -> 45522 | AA24: =MIN(P24:R24)-P24 -> 0 | AB24: =MIN(P24:R24)-Q24 -> -5 | AC24: =MIN(P24:R24)-R24 -> -5
A25: =IFERROR(__xludf.DUMMYFUNCTION("""COMPUTED_VALUE"""),45515.0) -> 45515 | B25: =IFERROR(__xludf.DUMMYFUNCTION("""COMPUTED_VALUE"""),2.0) -> 2 | C25: =IFERROR(__xludf.DUMMYFUNCTION("""COMPUTED_VALUE"""),3.0) -> 3 | D25: =IFERROR(__xludf.DUMMYFUNCTION("""COMPUTED_VALUE"""),1.0) -> 1 | K25: =if(B25=1,0,K24+1) -> 2 | L25: =if(C25=1,0,L24+1) -> 1 | M25: =if(D25=1,0,M24+1) -> 0 | O25: =IFERROR(__xludf.DUMMYFUNCTION("""COMPUTED_VALUE"""),45515.0) -> 45515 | P25: =B25+P26 -> 504 | Q25: =C25+Q26 -> 510 | R25: =D25+R26 -> 508 | S25: =min(P25:R25)-MINIFS(P25:R25,P25:R25, "<>"&Min(P25:R25)) -> -4 | U25: =IFERROR(__xludf.DUMMYFUNCTION("""COMPUTED_VALUE"""),45515.0) -> 45515 | V25: =if($H$2,0,if($H$3,Q25-P25,if($H$4,R25-P25))) -> 6 | W25: =if($H$2,P25-Q25,if($H$3,0,if($H$4,R25-Q25))) -> 0 | X25: =if($H$2,P25-R25,if($H$3,Q25-R25,if($H$4,0))) -> 2 | Z25: =IFERROR(__xludf.DUMMYFUNCTION("""COMPUTED_VALUE"""),45515.0) -> 45515 | AA25: =MIN(P25:R25)-P25 -> 0 | AB25: =MIN(P25:R25)-Q25 -> -6 | AC25: =MIN(P25:R25)-R25 -> -4
A26: =IFERROR(__xludf.DUMMYFUNCTION("""COMPUTED_VALUE"""),45508.0) -> 45508 | B26: =IFERROR(__xludf.DUMMYFUNCTION("""COMPUTED_VALUE"""),2.0) -> 2 | C26: =IFERROR(__xludf.DUMMYFUNCTION("""COMPUTED_VALUE"""),3.0) -> 3 | D26: =IFERROR(__xludf.DUMMYFUNCTION("""COMPUTED_VALUE"""),1.0) -> 1 | K26: =if(B26=1,0,K25+1) -> 3 | L26: =if(C26=1,0,L25+1) -> 2 | M26: =if(D26=1,0,M25+1) -> 0 | O26: =IFERROR(__xludf.DUMMYFUNCTION("""COMPUTED_VALUE"""),45508.0) -> 45508 | P26: =B26+P27 -> 502 | Q26: =C26+Q27 -> 507 | R26: =D26+R27 -> 507 | S26: =min(P26:R26)-MINIFS(P26:R26,P26:R26, "<>"&Min(P26:R26)) -> -5 | U26: =IFERROR(__xludf.DUMMYFUNCTION("""COMPUTED_VALUE"""),45508.0) -> 45508 | V26: =if($H$2,0,if($H$3,Q26-P26,if($H$4,R26-P26))) -> 5 | W26: =if($H$2,P26-Q26,if($H$3,0,if($H$4,R26-Q26))) -> 0 | X26: =if($H$2,P26-R26,if($H$3,Q26-R26,if($H$4,0))) -> 0 | Z26: =IFERROR(__xludf.DUMMYFUNCTION("""COMPUTED_VALUE"""),45508.0) -> 45508 | AA26: =MIN(P26:R26)-P26 -> 0 | AB26: =MIN(P26:R26)-Q26 -> -5 | AC26: =MIN(P26:R26)-R26 -> -5
A27: =IFERROR(__xludf.DUMMYFUNCTION("""COMPUTED_VALUE"""),45494.0) -> 45494 | B27: =IFERROR(__xludf.DUMMYFUNCTION("""COMPUTED_VALUE"""),3.0) -> 3 | C27: =IFERROR(__xludf.DUMMYFUNCTION("""COMPUTED_VALUE"""),2.0) -> 2 | D27: =IFERROR(__xludf.DUMMYFUNCTION("""COMPUTED_VALUE"""),1.0) -> 1 | K27: =if(B27=1,0,K26+1) -> 4 | L27: =if(C27=1,0,L26+1) -> 3 | M27: =if(D27=1,0,M26+1) -> 0 | O27: =IFERROR(__xludf.DUMMYFUNCTION("""COMPUTED_VALUE"""),45494.0) -> 45494 | P27: =B27+P28 -> 500 | Q27: =C27+Q28 -> 504 | R27: =D27+R28 -> 506 | S27: =min(P27:R27)-MINIFS(P27:R27,P27:R27, "<>"&Min(P27:R27)) -> -4 | U27: =IFERROR(__xludf.DUMMYFUNCTION("""COMPUTED_VALUE"""),45494.0) -> 45494 | V27: =if($H$2,0,if($H$3,Q27-P27,if($H$4,R27-P27))) -> 4 | W27: =if($H$2,P27-Q27,if($H$3,0,if($H$4,R27-Q27))) -> 0 | X27: =if($H$2,P27-R27,if($H$3,Q27-R27,if($H$4,0))) -> -2 | Z27: =IFERROR(__xludf.DUMMYFUNCTION("""COMPUTED_VALUE"""),45494.0) -> 45494 | AA27: =MIN(P27:R27)-P27 -> 0 | AB27: =MIN(P27:R27)-Q27 -> -4 | AC27: =MIN(P27:R27)-R27 -> -6
A28: =IFERROR(__xludf.DUMMYFUNCTION("""COMPUTED_VALUE"""),45487.0) -> 45487 | B28: =IFERROR(__xludf.DUMMYFUNCTION("""COMPUTED_VALUE"""),1.0) -> 1 | C28: =IFERROR(__xludf.DUMMYFUNCTION("""COMPUTED_VALUE"""),3.0) -> 3 | D28: =IFERROR(__xludf.DUMMYFUNCTION("""COMPUTED_VALUE"""),2.0) -> 2 | K28: =if(B28=1,0,K27+1) -> 0 | L28: =if(C28=1,0,L27+1) -> 4 | M28: =if(D28=1,0,M27+1) -> 1 | O28: =IFERROR(__xludf.DUMMYFUNCTION("""COMPUTED_VALUE"""),45487.0) -> 45487 | P28: =B28+P29 -> 497 | Q28: =C28+Q29 -> 502 | R28: =D28+R29 -> 505 | S28: =min(P28:R28)-MINIFS(P28:R28,P28:R28, "<>"&Min(P28:R28)) -> -5 | U28: =IFERROR(__xludf.DUMMYFUNCTION("""COMPUTED_VALUE"""),45487.0) -> 45487 | V28: =if($H$2,0,if($H$3,Q28-P28,if($H$4,R28-P28))) -> 5 | W28: =if($H$2,P28-Q28,if($H$3,0,if($H$4,R28-Q28))) -> 0 | X28: =if($H$2,P28-R28,if($H$3,Q28-R28,if($H$4,0))) -> -3 | Z28: =IFERROR(__xludf.DUMMYFUNCTION("""COMPUTED_VALUE"""),45487.0) -> 45487 | AA28: =MIN(P28:R28)-P28 -> 0 | AB28: =MIN(P28:R28)-Q28 -> -5 | AC28: =MIN(P28:R28)-R28 -> -8
A29: =IFERROR(__xludf.DUMMYFUNCTION("""COMPUTED_VALUE"""),45480.0) -> 45480 | B29: =IFERROR(__xludf.DUMMYFUNCTION("""COMPUTED_VALUE"""),1.0) -> 1 | C29: =IFERROR(__xludf.DUMMYFUNCTION("""COMPUTED_VALUE"""),3.0) -> 3 | D29: =IFERROR(__xludf.DUMMYFUNCTION("""COMPUTED_VALUE"""),2.0) -> 2 | K29: =if(B29=1,0,K28+1) -> 0 | L29: =if(C29=1,0,L28+1) -> 5 | M29: =if(D29=1,0,M28+1) -> 2 | O29: =IFERROR(__xludf.DUMMYFUNCTION("""COMPUTED_VALUE"""),45480.0) -> 45480 | P29: =B29+P30 -> 496 | Q29: =C29+Q30 -> 499 | R29: =D29+R30 -> 503 | S29: =min(P29:R29)-MINIFS(P29:R29,P29:R29, "<>"&Min(P29:R29)) -> -3 | U29: =IFERROR(__xludf.DUMMYFUNCTION("""COMPUTED_VALUE"""),45480.0) -> 45480 | V29: =if($H$2,0,if($H$3,Q29-P29,if($H$4,R29-P29))) -> 3 | W29: =if($H$2,P29-Q29,if($H$3,0,if($H$4,R29-Q29))) -> 0 | X29: =if($H$2,P29-R29,if($H$3,Q29-R29,if($H$4,0))) -> -4 | Z29: =IFERROR(__xludf.DUMMYFUNCTION("""COMPUTED_VALUE"""),45480.0) -> 45480 | AA29: =MIN(P29:R29)-P29 -> 0 | AB29: =MIN(P29:R29)-Q29 -> -3 | AC29: =MIN(P29:R29)-R29 -> -7
A30: =IFERROR(__xludf.DUMMYFUNCTION("""COMPUTED_VALUE"""),45477.0) -> 45477 | B30: =IFERROR(__xludf.DUMMYFUNCTION("""COMPUTED_VALUE"""),2.0) -> 2 | C30: =IFERROR(__xludf.DUMMYFUNCTION("""COMPUTED_VALUE"""),1.0) -> 1 | D30: =IFERROR(__xludf.DUMMYFUNCTION("""COMPUTED_VALUE"""),3.0) -> 3 | K30: =if(B30=1,0,K29+1) -> 1 | L30: =if(C30=1,0,L29+1) -> 0 | M30: =if(D30=1,0,M29+1) -> 3 | O30: =IFERROR(__xludf.DUMMYFUNCTION("""COMPUTED_VALUE"""),45477.0) -> 45477 | P30: =B30+P31 -> 495 | Q30: =C30+Q31 -> 496 | R30: =D30+R31 -> 501 | S30: =min(P30:R30)-MINIFS(P30:R30,P30:R30, "<>"&Min(P30:R30)) -> -1 | U30: =IFERROR(__xludf.DUMMYFUNCTION("""COMPUTED_VALUE"""),45477.0) -> 45477 | V30: =if($H$2,0,if($H$3,Q30-P30,if($H$4,R30-P30))) -> 1 | W30: =if($H$2,P30-Q30,if($H$3,0,if($H$4,R30-Q30))) -> 0 | X30: =if($H$2,P30-R30,if($H$3,Q30-R30,if($H$4,0))) -> -5 | Z30: =IFERROR(__xludf.DUMMYFUNCTION("""COMPUTED_VALUE"""),45477.0) -> 45477 | AA30: =MIN(P30:R30)-P30 -> 0 | AB30: =MIN(P30:R30)-Q30 -> -1 | AC30: =MIN(P30:R30)-R30 -> -6
A31: =IFERROR(__xludf.DUMMYFUNCTION("""COMPUTED_VALUE"""),45438.0) -> 45438 | B31: =IFERROR(__xludf.DUMMYFUNCTION("""COMPUTED_VALUE"""),2.0) -> 2 | C31: =IFERROR(__xludf.DUMMYFUNCTION("""COMPUTED_VALUE"""),1.0) -> 1 | D31: =IFERROR(__xludf.DUMMYFUNCTION("""COMPUTED_VALUE"""),3.0) -> 3 | K31: =if(B31=1,0,K30+1) -> 2 | L31: =if(C31=1,0,L30+1) -> 0 | M31: =if(D31=1,0,M30+1) -> 4 | O31: =IFERROR(__xludf.DUMMYFUNCTION("""COMPUTED_VALUE"""),45438.0) -> 45438 | P31: =B31+P32 -> 493 | Q31: =C31+Q32 -> 495 | R31: =D31+R32 -> 498 | S31: =min(P31:R31)-MINIFS(P31:R31,P31:R31, "<>"&Min(P31:R31)) -> -2 | U31: =IFERROR(__xludf.DUMMYFUNCTION("""COMPUTED_VALUE"""),45438.0) -> 45438 | V31: =if($H$2,0,if($H$3,Q31-P31,if($H$4,R31-P31))) -> 2 | W31: =if($H$2,P31-Q31,if($H$3,0,if($H$4,R31-Q31))) -> 0 | X31: =if($H$2,P31-R31,if($H$3,Q31-R31,if($H$4,0))) -> -3 | Z31: =IFERROR(__xludf.DUMMYFUNCTION("""COMPUTED_VALUE"""),45438.0) -> 45438 | AA31: =MIN(P31:R31)-P31 -> 0 | AB31: =MIN(P31:R31)-Q31 -> -2 | AC31: =MIN(P31:R31)-R31 -> -5
A32: =IFERROR(__xludf.DUMMYFUNCTION("""COMPUTED_VALUE"""),45431.0) -> 45431 | B32: =IFERROR(__xludf.DUMMYFUNCTION("""COMPUTED_VALUE"""),2.0) -> 2 | C32: =IFERROR(__xludf.DUMMYFUNCTION("""COMPUTED_VALUE"""),1.0) -> 1 | D32: =IFERROR(__xludf.DUMMYFUNCTION("""COMPUTED_VALUE"""),3.0) -> 3 | K32: =if(B32=1,0,K31+1) -> 3 | L32: =if(C32=1,0,L31+1) -> 0 | M32: =if(D32=1,0,M31+1) -> 5 | O32: =IFERROR(__xludf.DUMMYFUNCTION("""COMPUTED_VALUE"""),45431.0) -> 45431 | P32: =B32+P33 -> 491 | Q32: =C32+Q33 -> 494 | R32: =D32+R33 -> 495 | S32: 0 | U32: =IFERROR(__xludf.DUMMYFUNCTION("""COMPUTED_VALUE"""),45431.0) -> 45431 | V32: =if($H$2,0,if($H$3,Q32-P32,if($H$4,R32-P32))) -> 3 | W32: =if($H$2,P32-Q32,if($H$3,0,if($H$4,R32-Q32))) -> 0 | X32: =if($H$2,P32-R32,if($H$3,Q32-R32,if($H$4,0))) -> -1 | Z32: =IFERROR(__xludf.DUMMYFUNCTION("""COMPUTED_VALUE"""),45431.0) -> 45431 | AA32: =MIN(P32:R32)-P32 -> 0 | AB32: =MIN(P32:R32)-Q32 -> -3 | AC32: =MIN(P32:R32)-R32 -> -4
A33: =IFERROR(__xludf.DUMMYFUNCTION("""COMPUTED_VALUE"""),45277.0) -> 45277 | B33: =IFERROR(__xludf.DUMMYFUNCTION("""COMPUTED_VALUE"""),2.0) -> 2 | C33: =IFERROR(__xludf.DUMMYFUNCTION("""COMPUTED_VALUE"""),3.0) -> 3 | D33: =IFERROR(__xludf.DUMMYFUNCTION("""COMPUTED_VALUE"""),1.0) -> 1 | K33: =if(B33=1,0,K32+1) -> 4 | L33: =if(C33=1,0,L32+1) -> 1 | M33: =if(D33=1,0,M32+1) -> 0 | O33: =IFERROR(__xludf.DUMMYFUNCTION("""COMPUTED_VALUE"""),45277.0) -> 45277 | P33: =B33+P34 -> 489 | Q33: =C33+Q34 -> 493 | R33: =D33+R34 -> 492 | S33: =min(P33:R33)-MINIFS(P33:R33,P33:R33, "<>"&Min(P33:R33)) -> -3 | U33: =IFERROR(__xludf.DUMMYFUNCTION("""COMPUTED_VALUE"""),45277.0) -> 45277 | V33: =if($H$2,0,if($H$3,Q33-P33,if($H$4,R33-P33))) -> 4 | W33: =if($H$2,P33-Q33,if($H$3,0,if($H$4,R33-Q33))) -> 0 | X33: =if($H$2,P33-R33,if($H$3,Q33-R33,if($H$4,0))) -> 1 | Z33: =IFERROR(__xludf.DUMMYFUNCTION("""COMPUTED_VALUE"""),45277.0) -> 45277 | AA33: =MIN(P33:R33)-P33 -> 0 | AB33: =MIN(P33:R33)-Q33 -> -4 | AC33: =MIN(P33:R33)-R33 -> -3
A34: =IFERROR(__xludf.DUMMYFUNCTION("""COMPUTED_VALUE"""),45270.0) -> 45270 | B34: =IFERROR(__xludf.DUMMYFUNCTION("""COMPUTED_VALUE"""),3.0) -> 3 | C34: =IFERROR(__xludf.DUMMYFUNCTION("""COMPUTED_VALUE"""),2.0) -> 2 | D34: =IFERROR(__xludf.DUMMYFUNCTION("""COMPUTED_VALUE"""),1.0) -> 1 | K34: =if(B34=1,0,K33+1) -> 5 | L34: =if(C34=1,0,L33+1) -> 2 | M34: =if(D34=1,0,M33+1) -> 0 | O34: =IFERROR(__xludf.DUMMYFUNCTION("""COMPUTED_VALUE"""),45270.0) -> 45270 | P34: =B34+P35 -> 487 | Q34: =C34+Q35 -> 490 | R34: =D34+R35 -> 491 | S34: 0 | U34: =IFERROR(__xludf.DUMMYFUNCTION("""COMPUTED_VALUE"""),45270.0) -> 45270 | V34: =if($H$2,0,if($H$3,Q34-P34,if($H$4,R34-P34))) -> 3 | W34: =if($H$2,P34-Q34,if($H$3,0,if($H$4,R34-Q34))) -> 0 | X34: =if($H$2,P34-R34,if($H$3,Q34-R34,if($H$4,0))) -> -1 | Z34: =IFERROR(__xludf.DUMMYFUNCTION("""COMPUTED_VALUE"""),45270.0) -> 45270 | AA34: =MIN(P34:R34)-P34 -> 0 | AB34: =MIN(P34:R34)-Q34 -> -3 | AC34: =MIN(P34:R34)-R34 -> -4
A35: =IFERROR(__xludf.DUMMYFUNCTION("""COMPUTED_VALUE"""),45144.0) -> 45144 | B35: =IFERROR(__xludf.DUMMYFUNCTION("""COMPUTED_VALUE"""),3.0) -> 3 | C35: =IFERROR(__xludf.DUMMYFUNCTION("""COMPUTED_VALUE"""),1.0) -> 1 | D35: =IFERROR(__xludf.DUMMYFUNCTION("""COMPUTED_VALUE"""),2.0) -> 2 | K35: =if(B35=1,0,K34+1) -> 6 | L35: =if(C35=1,0,L34+1) -> 0 | M35: =if(D35=1,0,M34+1) -> 1 | O35: =IFERROR(__xludf.DUMMYFUNCTION("""COMPUTED_VALUE"""),45144.0) -> 45144 | P35: =B35+P36 -> 484 | Q35: =C35+Q36 -> 488 | R35: =D35+R36 -> 490 | S35: =min(P35:R35)-MINIFS(P35:R35,P35:R35, "<>"&Min(P35:R35)) -> -4 | U35: =IFERROR(__xludf.DUMMYFUNCTION("""COMPUTED_VALUE"""),45144.0) -> 45144 | V35: =if($H$2,0,if($H$3,Q35-P35,if($H$4,R35-P35))) -> 4 | W35: =if($H$2,P35-Q35,if($H$3,0,if($H$4,R35-Q35))) -> 0 | X35: =if($H$2,P35-R35,if($H$3,Q35-R35,if($H$4,0))) -> -2 | Z35: =IFERROR(__xludf.DUMMYFUNCTION("""COMPUTED_VALUE"""),45144.0) -> 45144 | AA35: =MIN(P35:R35)-P35 -> 0 | AB35: =MIN(P35:R35)-Q35 -> -4 | AC35: =MIN(P35:R35)-R35 -> -6
A36: =IFERROR(__xludf.DUMMYFUNCTION("""COMPUTED_VALUE"""),45123.0) -> 45123 | B36: =IFERROR(__xludf.DUMMYFUNCTION("""COMPUTED_VALUE"""),1.0) -> 1 | C36: =IFERROR(__xludf.DUMMYFUNCTION("""COMPUTED_VALUE"""),2.0) -> 2 | D36: =IFERROR(__xludf.DUMMYFUNCTION("""COMPUTED_VALUE"""),3.0) -> 3 | K36: =if(B36=1,0,K35+1) -> 0 | L36: =if(C36=1,0,L35+1) -> 1 | M36: =if(D36=1,0,M35+1) -> 2 | O36: =IFERROR(__xludf.DUMMYFUNCTION("""COMPUTED_VALUE"""),45123.0) -> 45123 | P36: =B36+P37 -> 481 | Q36: =C36+Q37 -> 487 | R36: =D36+R37 -> 488 | S36: =min(P36:R36)-MINIFS(P36:R36,P36:R36, "<>"&Min(P36:R36)) -> -6 | U36: =IFERROR(__xludf.DUMMYFUNCTION("""COMPUTED_VALUE"""),45123.0) -> 45123 | V36: =if($H$2,0,if($H$3,Q36-P36,if($H$4,R36-P36))) -> 6 | W36: =if($H$2,P36-Q36,if($H$3,0,if($H$4,R36-Q36))) -> 0 | X36: =if($H$2,P36-R36,if($H$3,Q36-R36,if($H$4,0))) -> -1 | Z36: =IFERROR(__xludf.DUMMYFUNCTION("""COMPUTED_VALUE"""),45123.0) -> 45123 | AA36: =MIN(P36:R36)-P36 -> 0 | AB36: =MIN(P36:R36)-Q36 -> -6 | AC36: =MIN(P36:R36)-R36 -> -7
A37: =IFERROR(__xludf.DUMMYFUNCTION("""COMPUTED_VALUE"""),45116.0) -> 45116 | B37: =IFERROR(__xludf.DUMMYFUNCTION("""COMPUTED_VALUE"""),1.0) -> 1 | C37: =IFERROR(__xludf.DUMMYFUNCTION("""COMPUTED_VALUE"""),2.0) -> 2 | D37: =IFERROR(__xludf.DUMMYFUNCTION("""COMPUTED_VALUE"""),3.0) -> 3 | K37: =if(B37=1,0,K36+1) -> 0 | L37: =if(C37=1,0,L36+1) -> 2 | M37: =if(D37=1,0,M36+1) -> 3 | O37: =IFERROR(__xludf.DUMMYFUNCTION("""COMPUTED_VALUE"""),45116.0) -> 45116 | P37: =B37+P38 -> 480 | Q37: =C37+Q38 -> 485 | R37: =D37+R38 -> 485 | S37: =min(P37:R37)-MINIFS(P37:R37,P37:R37, "<>"&Min(P37:R37)) -> -5 | U37: =IFERROR(__xludf.DUMMYFUNCTION("""COMPUTED_VALUE"""),45116.0) -> 45116 | V37: =if($H$2,0,if($H$3,Q37-P37,if($H$4,R37-P37))) -> 5 | W37: =if($H$2,P37-Q37,if($H$3,0,if($H$4,R37-Q37))) -> 0 | X37: =if($H$2,P37-R37,if($H$3,Q37-R37,if($H$4,0))) -> 0 | Z37: =IFERROR(__xludf.DUMMYFUNCTION("""COMPUTED_VALUE"""),45116.0) -> 45116 | AA37: =MIN(P37:R37)-P37 -> 0 | AB37: =MIN(P37:R37)-Q37 -> -5 | AC37: =MIN(P37:R37)-R37 -> -5
A38: =IFERROR(__xludf.DUMMYFUNCTION("""COMPUTED_VALUE"""),45111.0) -> 45111 | B38: =IFERROR(__xludf.DUMMYFUNCTION("""COMPUTED_VALUE"""),2.0) -> 2 | C38: =IFERROR(__xludf.DUMMYFUNCTION("""COMPUTED_VALUE"""),1.0) -> 1 | D38: =IFERROR(__xludf.DUMMYFUNCTION("""COMPUTED_VALUE"""),3.0) -> 3 | K38: =if(B38=1,0,K37+1) -> 1 | L38: =if(C38=1,0,L37+1) -> 0 | M38: =if(D38=1,0,M37+1) -> 4 | O38: =IFERROR(__xludf.DUMMYFUNCTION("""COMPUTED_VALUE"""),45111.0) -> 45111 | P38: =B38+P39 -> 479 | Q38: =C38+Q39 -> 483 | R38: =D38+R39 -> 482 | S38: =min(P38:R38)-MINIFS(P38:R38,P38:R38, "<>"&Min(P38:R38)) -> -3 | U38: =IFERROR(__xludf.DUMMYFUNCTION("""COMPUTED_VALUE"""),45111.0) -> 45111 | V38: =if($H$2,0,if($H$3,Q38-P38,if($H$4,R38-P38))) -> 4 | W38: =if($H$2,P38-Q38,if($H$3,0,if($H$4,R38-Q38))) -> 0 | X38: =if($H$2,P38-R38,if($H$3,Q38-R38,if($H$4,0))) -> 1 | Z38: =IFERROR(__xludf.DUMMYFUNCTION("""COMPUTED_VALUE"""),45111.0) -> 45111 | AA38: =MIN(P38:R38)-P38 -> 0 | AB38: =MIN(P38:R38)-Q38 -> -4 | AC38: =MIN(P38:R38)-R38 -> -3
A39: =IFERROR(__xludf.DUMMYFUNCTION("""COMPUTED_VALUE"""),45109.0) -> 45109 | B39: =IFERROR(__xludf.DUMMYFUNCTION("""COMPUTED_VALUE"""),2.0) -> 2 | C39: =IFERROR(__xludf.DUMMYFUNCTION("""COMPUTED_VALUE"""),1.0) -> 1 | D39: =IFERROR(__xludf.DUMMYFUNCTION("""COMPUTED_VALUE"""),3.0) -> 3 | K39: =if(B39=1,0,K38+1) -> 2 | L39: =if(C39=1,0,L38+1) -> 0 | M39: =if(D39=1,0,M38+1) -> 5 | O39: =IFERROR(__xludf.DUMMYFUNCTION("""COMPUTED_VALUE"""),45109.0) -> 45109 | P39: =B39+P40 -> 477 | Q39: =C39+Q40 -> 482 | R39: =D39+R40 -> 479 | S39: =min(P39:R39)-MINIFS(P39:R39,P39:R39, "<>"&Min(P39:R39)) -> -2 | U39: =IFERROR(__xludf.DUMMYFUNCTION("""COMPUTED_VALUE"""),45109.0) -> 45109 | V39: =if($H$2,0,if($H$3,Q39-P39,if($H$4,R39-P39))) -> 5 | W39: =if($H$2,P39-Q39,if($H$3,0,if($H$4,R39-Q39))) -> 0 | X39: =if($H$2,P39-R39,if($H$3,Q39-R39,if($H$4,0))) -> 3 | Z39: =IFERROR(__xludf.DUMMYFUNCTION("""COMPUTED_VALUE"""),45109.0) -> 45109 | AA39: =MIN(P39:R39)-P39 -> 0 | AB39: =MIN(P39:R39)-Q39 -> -5 | AC39: =MIN(P39:R39)-R39 -> -2
A40: =IFERROR(__xludf.DUMMYFUNCTION("""COMPUTED_VALUE"""),45102.0) -> 45102 | B40: =IFERROR(__xludf.DUMMYFUNCTION("""COMPUTED_VALUE"""),1.0) -> 1 | C40: =IFERROR(__xludf.DUMMYFUNCTION("""COMPUTED_VALUE"""),2.0) -> 2 | D40: =IFERROR(__xludf.DUMMYFUNCTION("""COMPUTED_VALUE"""),3.0) -> 3 | K40: =if(B40=1,0,K39+1) -> 0 | L40: =if(C40=1,0,L39+1) -> 1 | M40: =if(D40=1,0,M39+1) -> 6 | O40: =IFERROR(__xludf.DUMMYFUNCTION("""COMPUTED_VALUE"""),45102.0) -> 45102 | P40: =B40+P41 -> 475 | Q40: =C40+Q41 -> 481 | R40: =D40+R41 -> 476 | S40: =min(P40:R40)-MINIFS(P40:R40,P40:R40, "<>"&Min(P40:R40)) -> -1 | U40: =IFERROR(__xludf.DUMMYFUNCTION("""COMPUTED_VALUE"""),45102.0) -> 45102 | V40: =if($H$2,0,if($H$3,Q40-P40,if($H$4,R40-P40))) -> 6 | W40: =if($H$2,P40-Q40,if($H$3,0,if($H$4,R40-Q40))) -> 0 | X40: =if($H$2,P40-R40,if($H$3,Q40-R40,if($H$4,0))) -> 5 | Z40: =IFERROR(__xludf.DUMMYFUNCTION("""COMPUTED_VALUE"""),45102.0) -> 45102 | AA40: =MIN(P40:R40)-P40 -> 0 | AB40: =MIN(P40:R40)-Q40 -> -6 | AC40: =MIN(P40:R40)-R40 -> -1
A41: =IFERROR(__xludf.DUMMYFUNCTION("""COMPUTED_VALUE"""),45088.0) -> 45088 | B41: =IFERROR(__xludf.DUMMYFUNCTION("""COMPUTED_VALUE"""),1.0) -> 1 | C41: =IFERROR(__xludf.DUMMYFUNCTION("""COMPUTED_VALUE"""),2.0) -> 2 | D41: =IFERROR(__xludf.DUMMYFUNCTION("""COMPUTED_VALUE"""),3.0) -> 3 | K41: =if(B41=1,0,K40+1) -> 0 | L41: =if(C41=1,0,L40+1) -> 2 | M41: =if(D41=1,0,M40+1) -> 7 | O41: =IFERROR(__xludf.DUMMYFUNCTION("""COMPUTED_VALUE"""),45088.0) -> 45088 | P41: =B41+P42 -> 474 | Q41: =C41+Q42 -> 479 | R41: =D41+R42 -> 473 | S41: =min(P41:R41)-MINIFS(P41:R41,P41:R41, "<>"&Min(P41:R41)) -> -1 | U41: =IFERROR(__xludf.DUMMYFUNCTION("""COMPUTED_VALUE"""),45088.0) -> 45088 | V41: =if($H$2,0,if($H$3,Q41-P41,if($H$4,R41-P41))) -> 5 | W41: =if($H$2,P41-Q41,if($H$3,0,if($H$4,R41-Q41))) -> 0 | X41: =if($H$2,P41-R41,if($H$3,Q41-R41,if($H$4,0))) -> 6 | Z41: =IFERROR(__xludf.DUMMYFUNCTION("""COMPUTED_VALUE"""),45088.0) -> 45088 | AA41: =MIN(P41:R41)-P41 -> -1 | AB41: =MIN(P41:R41)-Q41 -> -6 | AC41: =MIN(P41:R41)-R41 -> 0
A42: =IFERROR(__xludf.DUMMYFUNCTION("""COMPUTED_VALUE"""),45081.0) -> 45081 | B42: =IFERROR(__xludf.DUMMYFUNCTION("""COMPUTED_VALUE"""),3.0) -> 3 | C42: =IFERROR(__xludf.DUMMYFUNCTION("""COMPUTED_VALUE"""),1.0) -> 1 | D42: =IFERROR(__xludf.DUMMYFUNCTION("""COMPUTED_VALUE"""),2.0) -> 2 | K42: =if(B42=1,0,K41+1) -> 1 | L42: =if(C42=1,0,L41+1) -> 0 | M42: =if(D42=1,0,M41+1) -> 8 | O42: =IFERROR(__xludf.DUMMYFUNCTION("""COMPUTED_VALUE"""),45081.0) -> 45081 | P42: =B42+P43 -> 473 | Q42: =C42+Q43 -> 477 | R42: =D42+R43 -> 470 | S42: =min(P42:R42)-MINIFS(P42:R42,P42:R42, "<>"&Min(P42:R42)) -> -3 | U42: =IFERROR(__xludf.DUMMYFUNCTION("""COMPUTED_VALUE"""),45081.0) -> 45081 | V42: =if($H$2,0,if($H$3,Q42-P42,if($H$4,R42-P42))) -> 4 | W42: =if($H$2,P42-Q42,if($H$3,0,if($H$4,R42-Q42))) -> 0 | X42: =if($H$2,P42-R42,if($H$3,Q42-R42,if($H$4,0))) -> 7 | Z42: =IFERROR(__xludf.DUMMYFUNCTION("""COMPUTED_VALUE"""),45081.0) -> 45081 | AA42: =MIN(P42:R42)-P42 -> -3 | AB42: =MIN(P42:R42)-Q42 -> -7 | AC42: =MIN(P42:R42)-R42 -> 0
A43: =IFERROR(__xludf.DUMMYFUNCTION("""COMPUTED_VALUE"""),45073.0) -> 45073 | B43: =IFERROR(__xludf.DUMMYFUNCTION("""COMPUTED_VALUE"""),3.0) -> 3 | C43: =IFERROR(__xludf.DUMMYFUNCTION("""COMPUTED_VALUE"""),2.0) -> 2 | D43: =IFERROR(__xludf.DUMMYFUNCTION("""COMPUTED_VALUE"""),1.0) -> 1 | K43: =if(B43=1,0,K42+1) -> 2 | L43: =if(C43=1,0,L42+1) -> 1 | M43: =if(D43=1,0,M42+1) -> 0 | O43: =IFERROR(__xludf.DUMMYFUNCTION("""COMPUTED_VALUE"""),45073.0) -> 45073 | P43: =B43+P44 -> 470 | Q43: =C43+Q44 -> 476 | R43: =D43+R44 -> 468 | S43: =min(P43:R43)-MINIFS(P43:R43,P43:R43, "<>"&Min(P43:R43)) -> -2 | U43: =IFERROR(__xludf.DUMMYFUNCTION("""COMPUTED_VALUE"""),45073.0) -> 45073 | V43: =if($H$2,0,if($H$3,Q43-P43,if($H$4,R43-P43))) -> 6 | W43: =if($H$2,P43-Q43,if($H$3,0,if($H$4,R43-Q43))) -> 0 | X43: =if($H$2,P43-R43,if($H$3,Q43-R43,if($H$4,0))) -> 8 | Z43: =IFERROR(__xludf.DUMMYFUNCTION("""COMPUTED_VALUE"""),45073.0) -> 45073 | AA43: =MIN(P43:R43)-P43 -> -2 | AB43: =MIN(P43:R43)-Q43 -> -8 | AC43: =MIN(P43:R43)-R43 -> 0
A44: =IFERROR(__xludf.DUMMYFUNCTION("""COMPUTED_VALUE"""),45011.0) -> 45011 | B44: =IFERROR(__xludf.DUMMYFUNCTION("""COMPUTED_VALUE"""),3.0) -> 3 | C44: =IFERROR(__xludf.DUMMYFUNCTION("""COMPUTED_VALUE"""),1.0) -> 1 | D44: =IFERROR(__xludf.DUMMYFUNCTION("""COMPUTED_VALUE"""),2.0) -> 2 | K44: =if(B44=1,0,K43+1) -> 3 | L44: =if(C44=1,0,L43+1) -> 0 | M44: =if(D44=1,0,M43+1) -> 1 | O44: =IFERROR(__xludf.DUMMYFUNCTION("""COMPUTED_VALUE"""),45011.0) -> 45011 | P44: =B44+P45 -> 467 | Q44: =C44+Q45 -> 474 | R44: =D44+R45 -> 467 | S44: =min(P44:R44)-MINIFS(P44:R44,P44:R44, "<>"&Min(P44:R44)) -> -7 | U44: =IFERROR(__xludf.DUMMYFUNCTION("""COMPUTED_VALUE"""),45011.0) -> 45011 | V44: =if($H$2,0,if($H$3,Q44-P44,if($H$4,R44-P44))) -> 7 | W44: =if($H$2,P44-Q44,if($H$3,0,if($H$4,R44-Q44))) -> 0 | X44: =if($H$2,P44-R44,if($H$3,Q44-R44,if($H$4,0))) -> 7 | Z44: =IFERROR(__xludf.DUMMYFUNCTION("""COMPUTED_VALUE"""),45011.0) -> 45011 | AA44: =MIN(P44:R44)-P44 -> 0 | AB44: =MIN(P44:R44)-Q44 -> -7 | AC44: =MIN(P44:R44)-R44 -> 0
A45: =IFERROR(__xludf.DUMMYFUNCTION("""COMPUTED_VALUE"""),44927.0) -> 44927 | B45: =IFERROR(__xludf.DUMMYFUNCTION("""COMPUTED_VALUE"""),1.0) -> 1 | C45: =IFERROR(__xludf.DUMMYFUNCTION("""COMPUTED_VALUE"""),2.0) -> 2 | D45: =IFERROR(__xludf.DUMMYFUNCTION("""COMPUTED_VALUE"""),3.0) -> 3 | K45: =if(B45=1,0,K44+1) -> 0 | L45: =if(C45=1,0,L44+1) -> 1 | M45: =if(D45=1,0,M44+1) -> 2 | O45: =IFERROR(__xludf.DUMMYFUNCTION("""COMPUTED_VALUE"""),44927.0) -> 44927 | P45: =B45+P46 -> 464 | Q45: =C45+Q46 -> 473 | R45: =D45+R46 -> 465 | S45: =min(P45:R45)-MINIFS(P45:R45,P45:R45, "<>"&Min(P45:R45)) -> -1 | U45: =IFERROR(__xludf.DUMMYFUNCTION("""COMPUTED_VALUE"""),44927.0) -> 44927 | V45: =if($H$2,0,if($H$3,Q45-P45,if($H$4,R45-P45))) -> 9 | W45: =if($H$2,P45-Q45,if($H$3,0,if($H$4,R45-Q45))) -> 0 | X45: =if($H$2,P45-R45,if($H$3,Q45-R45,if($H$4,0))) -> 8 | Z45: =IFERROR(__xludf.DUMMYFUNCTION("""COMPUTED_VALUE"""),44927.0) -> 44927 | AA45: =MIN(P45:R45)-P45 -> 0 | AB45: =MIN(P45:R45)-Q45 -> -9 | AC45: =MIN(P45:R45)-R45 -> -1
A46: =IFERROR(__xludf.DUMMYFUNCTION("""COMPUTED_VALUE"""),44885.0) -> 44885 | B46: =IFERROR(__xludf.DUMMYFUNCTION("""COMPUTED_VALUE"""),2.0) -> 2 | C46: =IFERROR(__xludf.DUMMYFUNCTION("""COMPUTED_VALUE"""),1.0) -> 1 | D46: =IFERROR(__xludf.DUMMYFUNCTION("""COMPUTED_VALUE"""),3.0) -> 3 | K46: =if(B46=1,0,K45+1) -> 1 | L46: =if(C46=1,0,L45+1) -> 0 | M46: =if(D46=1,0,M45+1) -> 3 | O46: =IFERROR(__xludf.DUMMYFUNCTION("""COMPUTED_VALUE"""),44885.0) -> 44885 | P46: =B46+P47 -> 463 | Q46: =C46+Q47 -> 471 | R46: =D46+R47 -> 462 | S46: =min(P46:R46)-MINIFS(P46:R46,P46:R46, "<>"&Min(P46:R46)) -> -1 | U46: =IFERROR(__xludf.DUMMYFUNCTION("""COMPUTED_VALUE"""),44885.0) -> 44885 | V46: =if($H$2,0,if($H$3,Q46-P46,if($H$4,R46-P46))) -> 8 | W46: =if($H$2,P46-Q46,if($H$3,0,if($H$4,R46-Q46))) -> 0 | X46: =if($H$2,P46-R46,if($H$3,Q46-R46,if($H$4,0))) -> 9 | Z46: =IFERROR(__xludf.DUMMYFUNCTION("""COMPUTED_VALUE"""),44885.0) -> 44885 | AA46: =MIN(P46:R46)-P46 -> -1 | AB46: =MIN(P46:R46)-Q46 -> -9 | AC46: =MIN(P46:R46)-R46 -> 0
A47: =IFERROR(__xludf.DUMMYFUNCTION("""COMPUTED_VALUE"""),44843.0) -> 44843 | B47: =IFERROR(__xludf.DUMMYFUNCTION("""COMPUTED_VALUE"""),2.0) -> 2 | C47: =IFERROR(__xludf.DUMMYFUNCTION("""COMPUTED_VALUE"""),3.0) -> 3 | D47: =IFERROR(__xludf.DUMMYFUNCTION("""COMPUTED_VALUE"""),1.0) -> 1 | K47: =if(B47=1,0,K46+1) -> 2 | L47: =if(C47=1,0,L46+1) -> 1 | M47: =if(D47=1,0,M46+1) -> 0 | O47: =IFERROR(__xludf.DUMMYFUNCTION("""COMPUTED_VALUE"""),44843.0) -> 44843 | P47: =B47+P48 -> 461 | Q47: =C47+Q48 -> 470 | R47: =D47+R48 -> 459 | S47: =min(P47:R47)-MINIFS(P47:R47,P47:R47, "<>"&Min(P47:R47)) -> -2 | U47: =IFERROR(__xludf.DUMMYFUNCTION("""COMPUTED_VALUE"""),44843.0) -> 44843 | V47: =if($H$2,0,if($H$3,Q47-P47,if($H$4,R47-P47))) -> 9 | W47: =if($H$2,P47-Q47,if($H$3,0,if($H$4,R47-Q47))) -> 0 | X47: =if($H$2,P47-R47,if($H$3,Q47-R47,if($H$4,0))) -> 11 | Z47: =IFERROR(__xludf.DUMMYFUNCTION("""COMPUTED_VALUE"""),44843.0) -> 44843 | AA47: =MIN(P47:R47)-P47 -> -2 | AB47: =MIN(P47:R47)-Q47 -> -11 | AC47: =MIN(P47:R47)-R47 -> 0
A48: =IFERROR(__xludf.DUMMYFUNCTION("""COMPUTED_VALUE"""),44759.0) -> 44759 | B48: =IFERROR(__xludf.DUMMYFUNCTION("""COMPUTED_VALUE"""),3.0) -> 3 | C48: =IFERROR(__xludf.DUMMYFUNCTION("""COMPUTED_VALUE"""),1.0) -> 1 | D48: =IFERROR(__xludf.DUMMYFUNCTION("""COMPUTED_VALUE"""),2.0) -> 2 | K48: =if(B48=1,0,K47+1) -> 3 | L48: =if(C48=1,0,L47+1) -> 0 | M48: =if(D48=1,0,M47+1) -> 1 | O48: =IFERROR(__xludf.DUMMYFUNCTION("""COMPUTED_VALUE"""),44759.0) -> 44759 | P48: =B48+P49 -> 459 | Q48: =C48+Q49 -> 467 | R48: =D48+R49 -> 458 | S48: 0 | U48: =IFERROR(__xludf.DUMMYFUNCTION("""COMPUTED_VALUE"""),44759.0) -> 44759 | V48: =if($H$2,0,if($H$3,Q48-P48,if($H$4,R48-P48))) -> 8 | W48: =if($H$2,P48-Q48,if($H$3,0,if($H$4,R48-Q48))) -> 0 | X48: =if($H$2,P48-R48,if($H$3,Q48-R48,if($H$4,0))) -> 9 | Z48: =IFERROR(__xludf.DUMMYFUNCTION("""COMPUTED_VALUE"""),44759.0) -> 44759 | AA48: =MIN(P48:R48)-P48 -> -1 | AB48: =MIN(P48:R48)-Q48 -> -9 | AC48: =MIN(P48:R48)-R48 -> 0
A49: =IFERROR(__xludf.DUMMYFUNCTION("""COMPUTED_VALUE"""),44682.0) -> 44682 | B49: =IFERROR(__xludf.DUMMYFUNCTION("""COMPUTED_VALUE"""),2.0) -> 2 | C49: =IFERROR(__xludf.DUMMYFUNCTION("""COMPUTED_VALUE"""),3.0) -> 3 | D49: =IFERROR(__xludf.DUMMYFUNCTION("""COMPUTED_VALUE"""),1.0) -> 1 | K49: =if(B49=1,0,K48+1) -> 4 | L49: =if(C49=1,0,L48+1) -> 1 | M49: =if(D49=1,0,M48+1) -> 0 | O49: =IFERROR(__xludf.DUMMYFUNCTION("""COMPUTED_VALUE"""),44682.0) -> 44682 | P49: =B49+P50 -> 456 | Q49: =C49+Q50 -> 466 | R49: =D49+R50 -> 456 | S49: =min(P49:R49)-MINIFS(P49:R49,P49:R49, "<>"&Min(P49:R49)) -> -10 | U49: =IFERROR(__xludf.DUMMYFUNCTION("""COMPUTED_VALUE"""),44682.0) -> 44682 | V49: =if($H$2,0,if($H$3,Q49-P49,if($H$4,R49-P49))) -> 10 | W49: =if($H$2,P49-Q49,if($H$3,0,if($H$4,R49-Q49))) -> 0 | X49: =if($H$2,P49-R49,if($H$3,Q49-R49,if($H$4,0))) -> 10 | Z49: =IFERROR(__xludf.DUMMYFUNCTION("""COMPUTED_VALUE"""),44682.0) -> 44682 | AA49: =MIN(P49:R49)-P49 -> 0 | AB49: =MIN(P49:R49)-Q49 -> -10 | AC49: =MIN(P49:R49)-R49 -> 0
A50: =IFERROR(__xludf.DUMMYFUNCTION("""COMPUTED_VALUE"""),44654.0) -> 44654 | B50: =IFERROR(__xludf.DUMMYFUNCTION("""COMPUTED_VALUE"""),1.0) -> 1 | C50: =IFERROR(__xludf.DUMMYFUNCTION("""COMPUTED_VALUE"""),3.0) -> 3 | D50: =IFERROR(__xludf.DUMMYFUNCTION("""COMPUTED_VALUE"""),2.0) -> 2 | K50: =if(B50=1,0,K49+1) -> 0 | L50: =if(C50=1,0,L49+1) -> 2 | M50: =if(D50=1,0,M49+1) -> 1 | O50: =IFERROR(__xludf.DUMMYFUNCTION("""COMPUTED_VALUE"""),44654.0) -> 44654 | P50: =B50+P51 -> 454 | Q50: =C50+Q51 -> 463 | R50: =D50+R51 -> 455 | S50: =min(P50:R50)-MINIFS(P50:R50,P50:R50, "<>"&Min(P50:R50)) -> -1 | U50: =IFERROR(__xludf.DUMMYFUNCTION("""COMPUTED_VALUE"""),44654.0) -> 44654 | V50: =if($H$2,0,if($H$3,Q50-P50,if($H$4,R50-P50))) -> 9 | W50: =if($H$2,P50-Q50,if($H$3,0,if($H$4,R50-Q50))) -> 0 | X50: =if($H$2,P50-R50,if($H$3,Q50-R50,if($H$4,0))) -> 8 | Z50: =IFERROR(__xludf.DUMMYFUNCTION("""COMPUTED_VALUE"""),44654.0) -> 44654 | AA50: =MIN(P50:R50)-P50 -> 0 | AB50: =MIN(P50:R50)-Q50 -> -9 | AC50: =MIN(P50:R50)-R50 -> -1
A51: =IFERROR(__xludf.DUMMYFUNCTION("""COMPUTED_VALUE"""),44633.0) -> 44633 | B51: =IFERROR(__xludf.DUMMYFUNCTION("""COMPUTED_VALUE"""),1.0) -> 1 | C51: =IFERROR(__xludf.DUMMYFUNCTION("""COMPUTED_VALUE"""),2.0) -> 2 | D51: =IFERROR(__xludf.DUMMYFUNCTION("""COMPUTED_VALUE"""),3.0) -> 3 | K51: =if(B51=1,0,K50+1) -> 0 | L51: =if(C51=1,0,L50+1) -> 3 | M51: =if(D51=1,0,M50+1) -> 2 | O51: =IFERROR(__xludf.DUMMYFUNCTION("""COMPUTED_VALUE"""),44633.0) -> 44633 | P51: =B51+P52 -> 453 | Q51: =C51+Q52 -> 460 | R51: =D51+R52 -> 453 | S51: =min(P51:R51)-MINIFS(P51:R51,P51:R51, "<>"&Min(P51:R51)) -> -7 | U51: =IFERROR(__xludf.DUMMYFUNCTION("""COMPUTED_VALUE"""),44633.0) -> 44633 | V51: =if($H$2,0,if($H$3,Q51-P51,if($H$4,R51-P51))) -> 7 | W51: =if($H$2,P51-Q51,if($H$3,0,if($H$4,R51-Q51))) -> 0 | X51: =if($H$2,P51-R51,if($H$3,Q51-R51,if($H$4,0))) -> 7 | Z51: =IFERROR(__xludf.DUMMYFUNCTION("""COMPUTED_VALUE"""),44633.0) -> 44633 | AA51: =MIN(P51:R51)-P51 -> 0 | AB51: =MIN(P51:R51)-Q51 -> -7 | AC51: =MIN(P51:R51)-R51 -> 0
A52: =IFERROR(__xludf.DUMMYFUNCTION("""COMPUTED_VALUE"""),44591.0) -> 44591 | B52: =IFERROR(__xludf.DUMMYFUNCTION("""COMPUTED_VALUE"""),3.0) -> 3 | C52: =IFERROR(__xludf.DUMMYFUNCTION("""COMPUTED_VALUE"""),1.0) -> 1 | D52: =IFERROR(__xludf.DUMMYFUNCTION("""COMPUTED_VALUE"""),2.0) -> 2 | K52: =if(B52=1,0,K51+1) -> 1 | L52: =if(C52=1,0,L51+1) -> 0 | M52: =if(D52=1,0,M51+1) -> 3 | O52: =IFERROR(__xludf.DUMMYFUNCTION("""COMPUTED_VALUE"""),44591.0) -> 44591 | P52: =B52+P53 -> 452 | Q52: =C52+Q53 -> 458 | R52: =D52+R53 -> 450 | S52: =min(P52:R52)-MINIFS(P52:R52,P52:R52, "<>"&Min(P52:R52)) -> -2 | U52: =IFERROR(__xludf.DUMMYFUNCTION("""COMPUTED_VALUE"""),44591.0) -> 44591 | V52: =if($H$2,0,if($H$3,Q52-P52,if($H$4,R52-P52))) -> 6 | W52: =if($H$2,P52-Q52,if($H$3,0,if($H$4,R52-Q52))) -> 0 | X52: =if($H$2,P52-R52,if($H$3,Q52-R52,if($H$4,0))) -> 8 | Z52: =IFERROR(__xludf.DUMMYFUNCTION("""COMPUTED_VALUE"""),44591.0) -> 44591 | AA52: =MIN(P52:R52)-P52 -> -2 | AB52: =MIN(P52:R52)-Q52 -> -8 | AC52: =MIN(P52:R52)-R52 -> 0
A53: =IFERROR(__xludf.DUMMYFUNCTION("""COMPUTED_VALUE"""),44556.0) -> 44556 | B53: =IFERROR(__xludf.DUMMYFUNCTION("""COMPUTED_VALUE"""),3.0) -> 3 | C53: =IFERROR(__xludf.DUMMYFUNCTION("""COMPUTED_VALUE"""),1.0) -> 1 | D53: =IFERROR(__xludf.DUMMYFUNCTION("""COMPUTED_VALUE"""),2.0) -> 2 | K53: =if(B53=1,0,K52+1) -> 2 | L53: =if(C53=1,0,L52+1) -> 0 | M53: =if(D53=1,0,M52+1) -> 4 | O53: =IFERROR(__xludf.DUMMYFUNCTION("""COMPUTED_VALUE"""),44556.0) -> 44556 | P53: =B53+P54 -> 449 | Q53: =C53+Q54 -> 457 | R53: =D53+R54 -> 448 | S53: 0 | U53: =IFERROR(__xludf.DUMMYFUNCTION("""COMPUTED_VALUE"""),44556.0) -> 44556 | V53: =if($H$2,0,if($H$3,Q53-P53,if($H$4,R53-P53))) -> 8 | W53: =if($H$2,P53-Q53,if($H$3,0,if($H$4,R53-Q53))) -> 0 | X53: =if($H$2,P53-R53,if($H$3,Q53-R53,if($H$4,0))) -> 9 | Z53: =IFERROR(__xludf.DUMMYFUNCTION("""COMPUTED_VALUE"""),44556.0) -> 44556 | AA53: =MIN(P53:R53)-P53 -> -1 | AB53: =MIN(P53:R53)-Q53 -> -9 | AC53: =MIN(P53:R53)-R53 -> 0
A54: =IFERROR(__xludf.DUMMYFUNCTION("""COMPUTED_VALUE"""),44549.0) -> 44549 | B54: =IFERROR(__xludf.DUMMYFUNCTION("""COMPUTED_VALUE"""),3.0) -> 3 | C54: =IFERROR(__xludf.DUMMYFUNCTION("""COMPUTED_VALUE"""),1.0) -> 1 | D54: =IFERROR(__xludf.DUMMYFUNCTION("""COMPUTED_VALUE"""),2.0) -> 2 | K54: =if(B54=1,0,K53+1) -> 3 | L54: =if(C54=1,0,L53+1) -> 0 | M54: =if(D54=1,0,M53+1) -> 5 | O54: =IFERROR(__xludf.DUMMYFUNCTION("""COMPUTED_VALUE"""),44549.0) -> 44549 | P54: =B54+P55 -> 446 | Q54: =C54+Q55 -> 456 | R54: =D54+R55 -> 446 | S54: =min(P54:R54)-MINIFS(P54:R54,P54:R54, "<>"&Min(P54:R54)) -> -10 | U54: =IFERROR(__xludf.DUMMYFUNCTION("""COMPUTED_VALUE"""),44549.0) -> 44549 | V54: =if($H$2,0,if($H$3,Q54-P54,if($H$4,R54-P54))) -> 10 | W54: =if($H$2,P54-Q54,if($H$3,0,if($H$4,R54-Q54))) -> 0 | X54: =if($H$2,P54-R54,if($H$3,Q54-R54,if($H$4,0))) -> 10 | Z54: =IFERROR(__xludf.DUMMYFUNCTION("""COMPUTED_VALUE"""),44549.0) -> 44549 | AA54: =MIN(P54:R54)-P54 -> 0 | AB54: =MIN(P54:R54)-Q54 -> -10 | AC54: =MIN(P54:R54)-R54 -> 0
A55: =IFERROR(__xludf.DUMMYFUNCTION("""COMPUTED_VALUE"""),44528.0) -> 44528 | B55: =IFERROR(__xludf.DUMMYFUNCTION("""COMPUTED_VALUE"""),3.0) -> 3 | C55: =IFERROR(__xludf.DUMMYFUNCTION("""COMPUTED_VALUE"""),2.0) -> 2 | D55: =IFERROR(__xludf.DUMMYFUNCTION("""COMPUTED_VALUE"""),1.0) -> 1 | K55: =if(B55=1,0,K54+1) -> 4 | L55: =if(C55=1,0,L54+1) -> 1 | M55: =if(D55=1,0,M54+1) -> 0 | O55: =IFERROR(__xludf.DUMMYFUNCTION("""COMPUTED_VALUE"""),44528.0) -> 44528 | P55: =B55+P56 -> 443 | Q55: =C55+Q56 -> 455 | R55: =D55+R56 -> 444 | S55: 0 | U55: =IFERROR(__xludf.DUMMYFUNCTION("""COMPUTED_VALUE"""),44528.0) -> 44528 | V55: =if($H$2,0,if($H$3,Q55-P55,if($H$4,R55-P55))) -> 12 | W55: =if($H$2,P55-Q55,if($H$3,0,if($H$4,R55-Q55))) -> 0 | X55: =if($H$2,P55-R55,if($H$3,Q55-R55,if($H$4,0))) -> 11 | Z55: =IFERROR(__xludf.DUMMYFUNCTION("""COMPUTED_VALUE"""),44528.0) -> 44528 | AA55: =MIN(P55:R55)-P55 -> 0 | AB55: =MIN(P55:R55)-Q55 -> -12 | AC55: =MIN(P55:R55)-R55 -> -1
A56: =IFERROR(__xludf.DUMMYFUNCTION("""COMPUTED_VALUE"""),44507.0) -> 44507 | B56: =IFERROR(__xludf.DUMMYFUNCTION("""COMPUTED_VALUE"""),3.0) -> 3 | C56: =IFERROR(__xludf.DUMMYFUNCTION("""COMPUTED_VALUE"""),1.0) -> 1 | D56: =IFERROR(__xludf.DUMMYFUNCTION("""COMPUTED_VALUE"""),2.0) -> 2 | K56: =if(B56=1,0,K55+1) -> 5 | L56: =if(C56=1,0,L55+1) -> 0 | M56: =if(D56=1,0,M55+1) -> 1 | O56: =IFERROR(__xludf.DUMMYFUNCTION("""COMPUTED_VALUE"""),44507.0) -> 44507 | P56: =B56+P57 -> 440 | Q56: =C56+Q57 -> 453 | R56: =D56+R57 -> 443 | S56: =min(P56:R56)-MINIFS(P56:R56,P56:R56, "<>"&Min(P56:R56)) -> -3 | U56: =IFERROR(__xludf.DUMMYFUNCTION("""COMPUTED_VALUE"""),44507.0) -> 44507 | V56: =if($H$2,0,if($H$3,Q56-P56,if($H$4,R56-P56))) -> 13 | W56: =if($H$2,P56-Q56,if($H$3,0,if($H$4,R56-Q56))) -> 0 | X56: =if($H$2,P56-R56,if($H$3,Q56-R56,if($H$4,0))) -> 10 | Z56: =IFERROR(__xludf.DUMMYFUNCTION("""COMPUTED_VALUE"""),44507.0) -> 44507 | AA56: =MIN(P56:R56)-P56 -> 0 | AB56: =MIN(P56:R56)-Q56 -> -13 | AC56: =MIN(P56:R56)-R56 -> -3
A57: =IFERROR(__xludf.DUMMYFUNCTION("""COMPUTED_VALUE"""),44504.0) -> 44504 | B57: =IFERROR(__xludf.DUMMYFUNCTION("""COMPUTED_VALUE"""),2.0) -> 2 | C57: =IFERROR(__xludf.DUMMYFUNCTION("""COMPUTED_VALUE"""),3.0) -> 3 | D57: =IFERROR(__xludf.DUMMYFUNCTION("""COMPUTED_VALUE"""),1.0) -> 1 | K57: =if(B57=1,0,K56+1) -> 6 | L57: =if(C57=1,0,L56+1) -> 1 | M57: =if(D57=1,0,M56+1) -> 0 | O57: =IFERROR(__xludf.DUMMYFUNCTION("""COMPUTED_VALUE"""),44504.0) -> 44504 | P57: =B57+P58 -> 437 | Q57: =C57+Q58 -> 452 | R57: =D57+R58 -> 441 | S57: =min(P57:R57)-MINIFS(P57:R57,P57:R57, "<>"&Min(P57:R57)) -> -4 | U57: =IFERROR(__xludf.DUMMYFUNCTION("""COMPUTED_VALUE"""),44504.0) -> 44504 | V57: =if($H$2,0,if($H$3,Q57-P57,if($H$4,R57-P57))) -> 15 | W57: =if($H$2,P57-Q57,if($H$3,0,if($H$4,R57-Q57))) -> 0 | X57: =if($H$2,P57-R57,if($H$3,Q57-R57,if($H$4,0))) -> 11 | Z57: =IFERROR(__xludf.DUMMYFUNCTION("""COMPUTED_VALUE"""),44504.0) -> 44504 | AA57: =MIN(P57:R57)-P57 -> 0 | AB57: =MIN(P57:R57)-Q57 -> -15 | AC57: =MIN(P57:R57)-R57 -> -4
A58: =IFERROR(__xludf.DUMMYFUNCTION("""COMPUTED_VALUE"""),44493.0) -> 44493 | B58: =IFERROR(__xludf.DUMMYFUNCTION("""COMPUTED_VALUE"""),2.0) -> 2 | C58: =IFERROR(__xludf.DUMMYFUNCTION("""COMPUTED_VALUE"""),3.0) -> 3 | D58: =IFERROR(__xludf.DUMMYFUNCTION("""COMPUTED_VALUE"""),1.0) -> 1 | K58: =if(B58=1,0,K57+1) -> 7 | L58: =if(C58=1,0,L57+1) -> 2 | M58: =if(D58=1,0,M57+1) -> 0 | O58: =IFERROR(__xludf.DUMMYFUNCTION("""COMPUTED_VALUE"""),44493.0) -> 44493 | P58: =B58+P59 -> 435 | Q58: =C58+Q59 -> 449 | R58: =D58+R59 -> 440 | S58: 0 | U58: =IFERROR(__xludf.DUMMYFUNCTION("""COMPUTED_VALUE"""),44493.0) -> 44493 | V58: =if($H$2,0,if($H$3,Q58-P58,if($H$4,R58-P58))) -> 14 | W58: =if($H$2,P58-Q58,if($H$3,0,if($H$4,R58-Q58))) -> 0 | X58: =if($H$2,P58-R58,if($H$3,Q58-R58,if($H$4,0))) -> 9 | Z58: =IFERROR(__xludf.DUMMYFUNCTION("""COMPUTED_VALUE"""),44493.0) -> 44493 | AA58: =MIN(P58:R58)-P58 -> 0 | AB58: =MIN(P58:R58)-Q58 -> -14 | AC58: =MIN(P58:R58)-R58 -> -5
A59: =IFERROR(__xludf.DUMMYFUNCTION("""COMPUTED_VALUE"""),44458.0) -> 44458 | B59: =IFERROR(__xludf.DUMMYFUNCTION("""COMPUTED_VALUE"""),2.0) -> 2 | C59: =IFERROR(__xludf.DUMMYFUNCTION("""COMPUTED_VALUE"""),1.0) -> 1 | D59: =IFERROR(__xludf.DUMMYFUNCTION("""COMPUTED_VALUE"""),3.0) -> 3 | K59: =if(B59=1,0,K58+1) -> 8 | L59: =if(C59=1,0,L58+1) -> 0 | M59: =if(D59=1,0,M58+1) -> 1 | O59: =IFERROR(__xludf.DUMMYFUNCTION("""COMPUTED_VALUE"""),44458.0) -> 44458 | P59: =B59+P60 -> 433 | Q59: =C59+Q60 -> 446 | R59: =D59+R60 -> 439 | S59: =min(P59:R59)-MINIFS(P59:R59,P59:R59, "<>"&Min(P59:R59)) -> -6 | U59: =IFERROR(__xludf.DUMMYFUNCTION("""COMPUTED_VALUE"""),44458.0) -> 44458 | V59: =if($H$2,0,if($H$3,Q59-P59,if($H$4,R59-P59))) -> 13 | W59: =if($H$2,P59-Q59,if($H$3,0,if($H$4,R59-Q59))) -> 0 | X59: =if($H$2,P59-R59,if($H$3,Q59-R59,if($H$4,0))) -> 7 | Z59: =IFERROR(__xludf.DUMMYFUNCTION("""COMPUTED_VALUE"""),44458.0) -> 44458 | AA59: =MIN(P59:R59)-P59 -> 0 | AB59: =MIN(P59:R59)-Q59 -> -13 | AC59: =MIN(P59:R59)-R59 -> -6
A60: =IFERROR(__xludf.DUMMYFUNCTION("""COMPUTED_VALUE"""),44444.0) -> 44444 | B60: =IFERROR(__xludf.DUMMYFUNCTION("""COMPUTED_VALUE"""),1.0) -> 1 | C60: =IFERROR(__xludf.DUMMYFUNCTION("""COMPUTED_VALUE"""),2.0) -> 2 | D60: =IFERROR(__xludf.DUMMYFUNCTION("""COMPUTED_VALUE"""),3.0) -> 3 | K60: =if(B60=1,0,K59+1) -> 0 | L60: =if(C60=1,0,L59+1) -> 1 | M60: =if(D60=1,0,M59+1) -> 2 | O60: =IFERROR(__xludf.DUMMYFUNCTION("""COMPUTED_VALUE"""),44444.0) -> 44444 | P60: =B60+P61 -> 431 | Q60: =C60+Q61 -> 445 | R60: =D60+R61 -> 436 | S60: =min(P60:R60)-MINIFS(P60:R60,P60:R60, "<>"&Min(P60:R60)) -> -5 | U60: =IFERROR(__xludf.DUMMYFUNCTION("""COMPUTED_VALUE"""),44444.0) -> 44444 | V60: =if($H$2,0,if($H$3,Q60-P60,if($H$4,R60-P60))) -> 14 | W60: =if($H$2,P60-Q60,if($H$3,0,if($H$4,R60-Q60))) -> 0 | X60: =if($H$2,P60-R60,if($H$3,Q60-R60,if($H$4,0))) -> 9 | Z60: =IFERROR(__xludf.DUMMYFUNCTION("""COMPUTED_VALUE"""),44444.0) -> 44444 | AA60: =MIN(P60:R60)-P60 -> 0 | AB60: =MIN(P60:R60)-Q60 -> -14 | AC60: =MIN(P60:R60)-R60 -> -5
A61: =IFERROR(__xludf.DUMMYFUNCTION("""COMPUTED_VALUE"""),44430.0) -> 44430 | B61: =IFERROR(__xludf.DUMMYFUNCTION("""COMPUTED_VALUE"""),2.0) -> 2 | C61: =IFERROR(__xludf.DUMMYFUNCTION("""COMPUTED_VALUE"""),3.0) -> 3 | D61: =IFERROR(__xludf.DUMMYFUNCTION("""COMPUTED_VALUE"""),1.0) -> 1 | K61: =if(B61=1,0,K60+1) -> 1 | L61: =if(C61=1,0,L60+1) -> 2 | M61: =if(D61=1,0,M60+1) -> 0 | O61: =IFERROR(__xludf.DUMMYFUNCTION("""COMPUTED_VALUE"""),44430.0) -> 44430 | P61: =B61+P62 -> 430 | Q61: =C61+Q62 -> 443 | R61: =D61+R62 -> 433 | S61: =min(P61:R61)-MINIFS(P61:R61,P61:R61, "<>"&Min(P61:R61)) -> -3 | U61: =IFERROR(__xludf.DUMMYFUNCTION("""COMPUTED_VALUE"""),44430.0) -> 44430 | V61: =if($H$2,0,if($H$3,Q61-P61,if($H$4,R61-P61))) -> 13 | W61: =if($H$2,P61-Q61,if($H$3,0,if($H$4,R61-Q61))) -> 0 | X61: =if($H$2,P61-R61,if($H$3,Q61-R61,if($H$4,0))) -> 10 | Z61: =IFERROR(__xludf.DUMMYFUNCTION("""COMPUTED_VALUE"""),44430.0) -> 44430 | AA61: =MIN(P61:R61)-P61 -> 0 | AB61: =MIN(P61:R61)-Q61 -> -13 | AC61: =MIN(P61:R61)-R61 -> -3
A62: =IFERROR(__xludf.DUMMYFUNCTION("""COMPUTED_VALUE"""),44426.0) -> 44426 | B62: =IFERROR(__xludf.DUMMYFUNCTION("""COMPUTED_VALUE"""),1.0) -> 1 | C62: =IFERROR(__xludf.DUMMYFUNCTION("""COMPUTED_VALUE"""),2.0) -> 2 | D62: =IFERROR(__xludf.DUMMYFUNCTION("""COMPUTED_VALUE"""),3.0) -> 3 | K62: =if(B62=1,0,K61+1) -> 0 | L62: =if(C62=1,0,L61+1) -> 3 | M62: =if(D62=1,0,M61+1) -> 1 | O62: =IFERROR(__xludf.DUMMYFUNCTION("""COMPUTED_VALUE"""),44426.0) -> 44426 | P62: =B62+P63 -> 428 | Q62: =C62+Q63 -> 440 | R62: =D62+R63 -> 432 | S62: =min(P62:R62)-MINIFS(P62:R62,P62:R62, "<>"&Min(P62:R62)) -> -4 | U62: =IFERROR(__xludf.DUMMYFUNCTION("""COMPUTED_VALUE"""),44426.0) -> 44426 | V62: =if($H$2,0,if($H$3,Q62-P62,if($H$4,R62-P62))) -> 12 | W62: =if($H$2,P62-Q62,if($H$3,0,if($H$4,R62-Q62))) -> 0 | X62: =if($H$2,P62-R62,if($H$3,Q62-R62,if($H$4,0))) -> 8 | Z62: =IFERROR(__xludf.DUMMYFUNCTION("""COMPUTED_VALUE"""),44426.0) -> 44426 | AA62: =MIN(P62:R62)-P62 -> 0 | AB62: =MIN(P62:R62)-Q62 -> -12 | AC62: =MIN(P62:R62)-R62 -> -4
A63: =IFERROR(__xludf.DUMMYFUNCTION("""COMPUTED_VALUE"""),44423.0) -> 44423 | B63: =IFERROR(__xludf.DUMMYFUNCTION("""COMPUTED_VALUE"""),2.0) -> 2 | C63: =IFERROR(__xludf.DUMMYFUNCTION("""COMPUTED_VALUE"""),1.0) -> 1 | D63: =IFERROR(__xludf.DUMMYFUNCTION("""COMPUTED_VALUE"""),3.0) -> 3 | K63: =if(B63=1,0,K62+1) -> 1 | L63: =if(C63=1,0,L62+1) -> 0 | M63: =if(D63=1,0,M62+1) -> 2 | O63: =IFERROR(__xludf.DUMMYFUNCTION("""COMPUTED_VALUE"""),44423.0) -> 44423 | P63: =B63+P64 -> 427 | Q63: =C63+Q64 -> 438 | R63: =D63+R64 -> 429 | S63: =min(P63:R63)-MINIFS(P63:R63,P63:R63, "<>"&Min(P63:R63)) -> -2 | U63: =IFERROR(__xludf.DUMMYFUNCTION("""COMPUTED_VALUE"""),44423.0) -> 44423 | V63: =if($H$2,0,if($H$3,Q63-P63,if($H$4,R63-P63))) -> 11 | W63: =if($H$2,P63-Q63,if($H$3,0,if($H$4,R63-Q63))) -> 0 | X63: =if($H$2,P63-R63,if($H$3,Q63-R63,if($H$4,0))) -> 9 | Z63: =IFERROR(__xludf.DUMMYFUNCTION("""COMPUTED_VALUE"""),44423.0) -> 44423 | AA63: =MIN(P63:R63)-P63 -> 0 | AB63: =MIN(P63:R63)-Q63 -> -11 | AC63: =MIN(P63:R63)-R63 -> -2
A64: =IFERROR(__xludf.DUMMYFUNCTION("""COMPUTED_VALUE"""),44416.0) -> 44416 | B64: =IFERROR(__xludf.DUMMYFUNCTION("""COMPUTED_VALUE"""),3.0) -> 3 | C64: =IFERROR(__xludf.DUMMYFUNCTION("""COMPUTED_VALUE"""),1.0) -> 1 | D64: =IFERROR(__xludf.DUMMYFUNCTION("""COMPUTED_VALUE"""),2.0) -> 2 | K64: =if(B64=1,0,K63+1) -> 2 | L64: =if(C64=1,0,L63+1) -> 0 | M64: =if(D64=1,0,M63+1) -> 3 | O64: =IFERROR(__xludf.DUMMYFUNCTION("""COMPUTED_VALUE"""),44416.0) -> 44416 | P64: =B64+P65 -> 425 | Q64: =C64+Q65 -> 437 | R64: =D64+R65 -> 426 | S64: 0 | U64: =IFERROR(__xludf.DUMMYFUNCTION("""COMPUTED_VALUE"""),44416.0) -> 44416 | V64: =if($H$2,0,if($H$3,Q64-P64,if($H$4,R64-P64))) -> 12 | W64: =if($H$2,P64-Q64,if($H$3,0,if($H$4,R64-Q64))) -> 0 | X64: =if($H$2,P64-R64,if($H$3,Q64-R64,if($H$4,0))) -> 11 | Z64: =IFERROR(__xludf.DUMMYFUNCTION("""COMPUTED_VALUE"""),44416.0) -> 44416 | AA64: =MIN(P64:R64)-P64 -> 0 | AB64: =MIN(P64:R64)-Q64 -> -12 | AC64: =MIN(P64:R64)-R64 -> -1
A65: =IFERROR(__xludf.DUMMYFUNCTION("""COMPUTED_VALUE"""),44409.0) -> 44409 | B65: =IFERROR(__xludf.DUMMYFUNCTION("""COMPUTED_VALUE"""),2.0) -> 2 | C65: =IFERROR(__xludf.DUMMYFUNCTION("""COMPUTED_VALUE"""),3.0) -> 3 | D65: =IFERROR(__xludf.DUMMYFUNCTION("""COMPUTED_VALUE"""),1.0) -> 1 | K65: =if(B65=1,0,K64+1) -> 3 | L65: =if(C65=1,0,L64+1) -> 1 | M65: =if(D65=1,0,M64+1) -> 0 | O65: =IFERROR(__xludf.DUMMYFUNCTION("""COMPUTED_VALUE"""),44409.0) -> 44409 | P65: =B65+P66 -> 422 | Q65: =C65+Q66 -> 436 | R65: =D65+R66 -> 424 | S65: =min(P65:R65)-MINIFS(P65:R65,P65:R65, "<>"&Min(P65:R65)) -> -2 | U65: =IFERROR(__xludf.DUMMYFUNCTION("""COMPUTED_VALUE"""),44409.0) -> 44409 | V65: =if($H$2,0,if($H$3,Q65-P65,if($H$4,R65-P65))) -> 14 | W65: =if($H$2,P65-Q65,if($H$3,0,if($H$4,R65-Q65))) -> 0 | X65: =if($H$2,P65-R65,if($H$3,Q65-R65,if($H$4,0))) -> 12 | Z65: =IFERROR(__xludf.DUMMYFUNCTION("""COMPUTED_VALUE"""),44409.0) -> 44409 | AA65: =MIN(P65:R65)-P65 -> 0 | AB65: =MIN(P65:R65)-Q65 -> -14 | AC65: =MIN(P65:R65)-R65 -> -2
A66: =IFERROR(__xludf.DUMMYFUNCTION("""COMPUTED_VALUE"""),44402.0) -> 44402 | B66: =IFERROR(__xludf.DUMMYFUNCTION("""COMPUTED_VALUE"""),2.0) -> 2 | C66: =IFERROR(__xludf.DUMMYFUNCTION("""COMPUTED_VALUE"""),1.0) -> 1 | D66: =IFERROR(__xludf.DUMMYFUNCTION("""COMPUTED_VALUE"""),3.0) -> 3 | K66: =if(B66=1,0,K65+1) -> 4 | L66: =if(C66=1,0,L65+1) -> 0 | M66: =if(D66=1,0,M65+1) -> 1 | O66: =IFERROR(__xludf.DUMMYFUNCTION("""COMPUTED_VALUE"""),44402.0) -> 44402 | P66: =B66+P67 -> 420 | Q66: =C66+Q67 -> 433 | R66: =D66+R67 -> 423 | S66: 0 | U66: =IFERROR(__xludf.DUMMYFUNCTION("""COMPUTED_VALUE"""),44402.0) -> 44402 | V66: =if($H$2,0,if($H$3,Q66-P66,if($H$4,R66-P66))) -> 13 | W66: =if($H$2,P66-Q66,if($H$3,0,if($H$4,R66-Q66))) -> 0 | X66: =if($H$2,P66-R66,if($H$3,Q66-R66,if($H$4,0))) -> 10 | Z66: =IFERROR(__xludf.DUMMYFUNCTION("""COMPUTED_VALUE"""),44402.0) -> 44402 | AA66: =MIN(P66:R66)-P66 -> 0 | AB66: =MIN(P66:R66)-Q66 -> -13 | AC66: =MIN(P66:R66)-R66 -> -3
A67: =IFERROR(__xludf.DUMMYFUNCTION("""COMPUTED_VALUE"""),44398.0) -> 44398 | B67: =IFERROR(__xludf.DUMMYFUNCTION("""COMPUTED_VALUE"""),1.0) -> 1 | C67: =IFERROR(__xludf.DUMMYFUNCTION("""COMPUTED_VALUE"""),3.0) -> 3 | D67: =IFERROR(__xludf.DUMMYFUNCTION("""COMPUTED_VALUE"""),2.0) -> 2 | K67: =if(B67=1,0,K66+1) -> 0 | L67: =if(C67=1,0,L66+1) -> 1 | M67: =if(D67=1,0,M66+1) -> 2 | O67: =IFERROR(__xludf.DUMMYFUNCTION("""COMPUTED_VALUE"""),44398.0) -> 44398 | P67: =B67+P68 -> 418 | Q67: =C67+Q68 -> 432 | R67: =D67+R68 -> 420 | S67: =min(P67:R67)-MINIFS(P67:R67,P67:R67, "<>"&Min(P67:R67)) -> -2 | U67: =IFERROR(__xludf.DUMMYFUNCTION("""COMPUTED_VALUE"""),44398.0) -> 44398 | V67: =if($H$2,0,if($H$3,Q67-P67,if($H$4,R67-P67))) -> 14 | W67: =if($H$2,P67-Q67,if($H$3,0,if($H$4,R67-Q67))) -> 0 | X67: =if($H$2,P67-R67,if($H$3,Q67-R67,if($H$4,0))) -> 12 | Z67: =IFERROR(__xludf.DUMMYFUNCTION("""COMPUTED_VALUE"""),44398.0) -> 44398 | AA67: =MIN(P67:R67)-P67 -> 0 | AB67: =MIN(P67:R67)-Q67 -> -14 | AC67: =MIN(P67:R67)-R67 -> -2
A68: =IFERROR(__xludf.DUMMYFUNCTION("""COMPUTED_VALUE"""),44391.0) -> 44391 | B68: =IFERROR(__xludf.DUMMYFUNCTION("""COMPUTED_VALUE"""),1.0) -> 1 | C68: =IFERROR(__xludf.DUMMYFUNCTION("""COMPUTED_VALUE"""),3.0) -> 3 | D68: =IFERROR(__xludf.DUMMYFUNCTION("""COMPUTED_VALUE"""),2.0) -> 2 | K68: =if(B68=1,0,K67+1) -> 0 | L68: =if(C68=1,0,L67+1) -> 2 | M68: =if(D68=1,0,M67+1) -> 3 | O68: =IFERROR(__xludf.DUMMYFUNCTION("""COMPUTED_VALUE"""),44391.0) -> 44391 | P68: =B68+P69 -> 417 | Q68: =C68+Q69 -> 429 | R68: =D68+R69 -> 418 | S68: =min(P68:R68)-MINIFS(P68:R68,P68:R68, "<>"&Min(P68:R68)) -> -1 | U68: =IFERROR(__xludf.DUMMYFUNCTION("""COMPUTED_VALUE"""),44391.0) -> 44391 | V68: =if($H$2,0,if($H$3,Q68-P68,if($H$4,R68-P68))) -> 12 | W68: =if($H$2,P68-Q68,if($H$3,0,if($H$4,R68-Q68))) -> 0 | X68: =if($H$2,P68-R68,if($H$3,Q68-R68,if($H$4,0))) -> 11 | Z68: =IFERROR(__xludf.DUMMYFUNCTION("""COMPUTED_VALUE"""),44391.0) -> 44391 | AA68: =MIN(P68:R68)-P68 -> 0 | AB68: =MIN(P68:R68)-Q68 -> -12 | AC68: =MIN(P68:R68)-R68 -> -1
A69: =IFERROR(__xludf.DUMMYFUNCTION("""COMPUTED_VALUE"""),44384.0) -> 44384 | B69: =IFERROR(__xludf.DUMMYFUNCTION("""COMPUTED_VALUE"""),2.0) -> 2 | C69: =IFERROR(__xludf.DUMMYFUNCTION("""COMPUTED_VALUE"""),3.0) -> 3 | D69: =IFERROR(__xludf.DUMMYFUNCTION("""COMPUTED_VALUE"""),1.0) -> 1 | K69: =if(B69=1,0,K68+1) -> 1 | L69: =if(C69=1,0,L68+1) -> 3 | M69: =if(D69=1,0,M68+1) -> 0 | O69: =IFERROR(__xludf.DUMMYFUNCTION("""COMPUTED_VALUE"""),44384.0) -> 44384 | P69: =B69+P70 -> 416 | Q69: =C69+Q70 -> 426 | R69: =D69+R70 -> 416 | S69: =min(P69:R69)-MINIFS(P69:R69,P69:R69, "<>"&Min(P69:R69)) -> -10 | U69: =IFERROR(__xludf.DUMMYFUNCTION("""COMPUTED_VALUE"""),44384.0) -> 44384 | V69: =if($H$2,0,if($H$3,Q69-P69,if($H$4,R69-P69))) -> 10 | W69: =if($H$2,P69-Q69,if($H$3,0,if($H$4,R69-Q69))) -> 0 | X69: =if($H$2,P69-R69,if($H$3,Q69-R69,if($H$4,0))) -> 10 | Z69: =IFERROR(__xludf.DUMMYFUNCTION("""COMPUTED_VALUE"""),44384.0) -> 44384 | AA69: =MIN(P69:R69)-P69 -> 0 | AB69: =MIN(P69:R69)-Q69 -> -10 | AC69: =MIN(P69:R69)-R69 -> 0
A70: =IFERROR(__xludf.DUMMYFUNCTION("""COMPUTED_VALUE"""),44377.0) -> 44377 | B70: =IFERROR(__xludf.DUMMYFUNCTION("""COMPUTED_VALUE"""),2.0) -> 2 | C70: =IFERROR(__xludf.DUMMYFUNCTION("""COMPUTED_VALUE"""),1.0) -> 1 | D70: =IFERROR(__xludf.DUMMYFUNCTION("""COMPUTED_VALUE"""),3.0) -> 3 | K70: =if(B70=1,0,K69+1) -> 2 | L70: =if(C70=1,0,L69+1) -> 0 | M70: =if(D70=1,0,M69+1) -> 1 | O70: =IFERROR(__xludf.DUMMYFUNCTION("""COMPUTED_VALUE"""),44377.0) -> 44377 | P70: =B70+P71 -> 414 | Q70: =C70+Q71 -> 423 | R70: =D70+R71 -> 415 | S70: =min(P70:R70)-MINIFS(P70:R70,P70:R70, "<>"&Min(P70:R70)) -> -1 | U70: =IFERROR(__xludf.DUMMYFUNCTION("""COMPUTED_VALUE"""),44377.0) -> 44377 | V70: =if($H$2,0,if($H$3,Q70-P70,if($H$4,R70-P70))) -> 9 | W70: =if($H$2,P70-Q70,if($H$3,0,if($H$4,R70-Q70))) -> 0 | X70: =if($H$2,P70-R70,if($H$3,Q70-R70,if($H$4,0))) -> 8 | Z70: =IFERROR(__xludf.DUMMYFUNCTION("""COMPUTED_VALUE"""),44377.0) -> 44377 | AA70: =MIN(P70:R70)-P70 -> 0 | AB70: =MIN(P70:R70)-Q70 -> -9 | AC70: =MIN(P70:R70)-R70 -> -1
A71: =IFERROR(__xludf.DUMMYFUNCTION("""COMPUTED_VALUE"""),44374.0) -> 44374 | B71: =IFERROR(__xludf.DUMMYFUNCTION("""COMPUTED_VALUE"""),1.0) -> 1 | C71: =IFERROR(__xludf.DUMMYFUNCTION("""COMPUTED_VALUE"""),2.0) -> 2 | D71: =IFERROR(__xludf.DUMMYFUNCTION("""COMPUTED_VALUE"""),3.0) -> 3 | K71: =if(B71=1,0,K70+1) -> 0 | L71: =if(C71=1,0,L70+1) -> 1 | M71: =if(D71=1,0,M70+1) -> 2 | O71: =IFERROR(__xludf.DUMMYFUNCTION("""COMPUTED_VALUE"""),44374.0) -> 44374 | P71: =B71+P72 -> 412 | Q71: =C71+Q72 -> 422 | R71: =D71+R72 -> 412 | S71: =min(P71:R71)-MINIFS(P71:R71,P71:R71, "<>"&Min(P71:R71)) -> -10 | U71: =IFERROR(__xludf.DUMMYFUNCTION("""COMPUTED_VALUE"""),44374.0) -> 44374 | V71: =if($H$2,0,if($H$3,Q71-P71,if($H$4,R71-P71))) -> 10 | W71: =if($H$2,P71-Q71,if($H$3,0,if($H$4,R71-Q71))) -> 0 | X71: =if($H$2,P71-R71,if($H$3,Q71-R71,if($H$4,0))) -> 10 | Z71: =IFERROR(__xludf.DUMMYFUNCTION("""COMPUTED_VALUE"""),44374.0) -> 44374 | AA71: =MIN(P71:R71)-P71 -> 0 | AB71: =MIN(P71:R71)-Q71 -> -10 | AC71: =MIN(P71:R71)-R71 -> 0
A72: =IFERROR(__xludf.DUMMYFUNCTION("""COMPUTED_VALUE"""),44367.0) -> 44367 | B72: =IFERROR(__xludf.DUMMYFUNCTION("""COMPUTED_VALUE"""),3.0) -> 3 | C72: =IFERROR(__xludf.DUMMYFUNCTION("""COMPUTED_VALUE"""),1.0) -> 1 | D72: =IFERROR(__xludf.DUMMYFUNCTION("""COMPUTED_VALUE"""),2.0) -> 2 | K72: =if(B72=1,0,K71+1) -> 1 | L72: =if(C72=1,0,L71+1) -> 0 | M72: =if(D72=1,0,M71+1) -> 3 | O72: =IFERROR(__xludf.DUMMYFUNCTION("""COMPUTED_VALUE"""),44367.0) -> 44367 | P72: =B72+P73 -> 411 | Q72: =C72+Q73 -> 420 | R72: =D72+R73 -> 409 | S72: =min(P72:R72)-MINIFS(P72:R72,P72:R72, "<>"&Min(P72:R72)) -> -2 | U72: =IFERROR(__xludf.DUMMYFUNCTION("""COMPUTED_VALUE"""),44367.0) -> 44367 | V72: =if($H$2,0,if($H$3,Q72-P72,if($H$4,R72-P72))) -> 9 | W72: =if($H$2,P72-Q72,if($H$3,0,if($H$4,R72-Q72))) -> 0 | X72: =if($H$2,P72-R72,if($H$3,Q72-R72,if($H$4,0))) -> 11 | Z72: =IFERROR(__xludf.DUMMYFUNCTION("""COMPUTED_VALUE"""),44367.0) -> 44367 | AA72: =MIN(P72:R72)-P72 -> -2 | AB72: =MIN(P72:R72)-Q72 -> -11 | AC72: =MIN(P72:R72)-R72 -> 0
